,Title,Major_Genre,Director,Year,Profit_Million,IMDB_Rating,MPAA_Rating
0,Twelve Monkeys,Drama,Terry Gilliam,1995,139.841459,8.1,R
1,24 7: Twenty Four Seven,Comedy,Shane Meadows,1998,-1.927456,6.9,R
2,Twin Falls Idaho,Drama,Michael Polish,1999,0.527228,7.1,R
3,Four Rooms,Comedy,Robert Rodriguez,1995,0.301,6.4,R
4,Four Weddings and a Funeral,Romantic Comedy,Mike Newell,1994,238.395809,7.1,R
5,The Abyss,Action,James Cameron,1989,-15.756875,7.6,PG-13
6,Ace Ventura: Pet Detective,Comedy,Tom Shadyac,1994,95.217396,6.6,PG-13
7,Ace Ventura: When Nature Calls,Comedy,Steve Oedekerk,1995,182.4,5.6,PG-13
8,The Alamo,Western,John Wayne,1960,-4.1,5.9,PG-13
9,Alive,Adventure,Frank Marshall,1993,4.29967,3.2,R
10,Amen,Drama,Costa-Gavras,2003,-13.725701,7.4,Not Rated
11,The American President,Romantic Comedy,Rob Reiner,1995,45.822813,6.8,PG-13
12,The Adventures of Huck Finn,Adventure,Stephen Sommers,1993,17.603594,5.8,PG
13,Apocalypse Now,Action,Francis Ford Coppola,1979,47.3,8.6,R
14,Babe,Adventure,Chris Noonan,1995,216.1,7.3,G
15,Baby's Day Out,Comedy,Patrick Read Johnson,1994,-33.418425,5.0,PG
16,Bad Boys,Action,Michael Bay,1995,118.247413,6.6,R
17,Before Sunrise,Drama,Richard Linklater,1995,2.774005,8.0,R
18,Beauty and the Beast,Musical,Gary Trousdale,1991,383.476931,3.4,G
19,Bogus,Comedy,Norman Jewison,1996,-27.642594,4.8,PG
20,Beverly Hills Cop II,Action,Tony Scott,1987,256.665036,6.1,R
21,Beverly Hills Cop III,Action,John Landis,1994,69.180938,5.0,R
22,Blade Runner,Thriller/Suspense,Ridley Scott,1982,5.139618,8.3,R
23,Bound,Thriller/Suspense,Andy Wachowski,1996,1.8,7.4,R
24,Basquiat,Drama,Julian Schnabel,1996,-0.037949,6.7,R
25,Bottle Rocket,Adventure,Wes Anderson,1996,-4.592512,7.2,R
26,The Bridges of Madison County,Drama,Clint Eastwood,1995,153.516617,7.2,PG-13
27,The Brothers McMullen,Drama,Edward Burns,1995,10.401506,6.4,R
28,Dracula,Horror,Francis Ford Coppola,1992,175.862692,6.4,R
29,Broken Arrow,Action,John Woo,1996,83.345997,5.8,R
30,Braveheart,Drama,Mel Gibson,1995,137.0,8.4,R
31,Brazil,Black Comedy,Terry Gilliam,1985,-5.070865,8.0,R
32,Batman Returns,Action,Tim Burton,1992,186.822354,6.9,PG-13
33,Batman Forever,Action,Joel Schumacher,1995,236.529144,5.4,PG-13
34,Batman,Action,Tim Burton,1989,376.348924,7.6,PG-13
35,Cape Fear,Thriller/Suspense,Martin Scorsese,1991,147.291969,7.3,R
36,Clear and Present Danger,Action,Phillip Noyce,1994,145.5,6.8,PG-13
37,The Cable Guy,Comedy,Ben Stiller,1996,55.825796,5.8,PG-13
38,Chain Reaction,Action,Andrew Davis,1996,5.209334,5.2,PG-13
39,Crooklyn,Comedy,Spike Lee,1994,-0.97583,6.5,PG-13
40,Festen,Comedy,Thomas Vinterberg,1998,0.34778,8.1,R
41,The Client,Drama,Joel Schumacher,1994,72.615211,6.5,PG-13
42,The Calling,Drama,Michael C. Brown,2002,-0.127908,3.4,PG
43,Clueless,Comedy,Amy Heckerling,1995,42.898476,6.7,PG-13
44,Clerks,Comedy,Kevin Smith,1994,3.046428,7.9,R
45,Central do Brasil,Drama,Walter Salles,1998,14.106158,8.0,R
46,Congo,Adventure,Frank Marshall,1995,102.022333,4.6,PG-13
47,The Crying Game,Drama,Neil Jordan,1992,58.546695,7.3,R
48,Crimson Tide,Action,Tony Scott,1995,104.387195,7.2,R
49,Casino,Drama,Martin Scorsese,1995,58.4,8.1,R
50,Casper,Comedy,Brad Silberling,1995,227.3,5.7,PG
51,City Hall,Drama,Harold Becker,1996,-19.721945,6.1,R
52,Cutthroat Island,Adventure,Renny Harlin,1995,-81.982678,5.3,PG-13
53,Courage Under Fire,Drama,Edward Zwick,1996,54.833145,6.6,R
54,C'era una volta il West,Western,Sergio Leone,1969,0.321508,8.8,PG-13
55,Copycat,Thriller/Suspense,Jon Amiel,1995,12.051917,6.5,R
56,"Boot, Das",Drama,Wolfgang Petersen,1982,72.970337,4.3,R
57,Desperado,Action,Robert Rodriguez,1995,18.532388,7.0,R
58,Dumb & Dumber,Comedy,Bobby Farrelly,1994,230.4,7.2,PG-13
59,Dante's Peak,Drama,Roger Donaldson,1997,63.2,5.6,PG-13
60,Daylight,Action,Rob Cohen,1996,78.90829,5.4,PG-13
61,Die Hard: With a Vengeance,Action,John McTiernan,1995,274.480746,7.4,R
62,Dragonheart,Adventure,Rob Cohen,1996,47.36468,6.2,PG-13
63,Dead Man Walking,Drama,Tim Robbins,1995,72.088295,7.6,R
64,Doctor Zhivago,Drama,David Lean,1965,100.721,8.0,PG-13
65,The Evil Dead,Horror,Sam Raimi,1983,29.025,7.6,NC-17
66,Army of Darkness,Horror,Sam Raimi,1993,10.502976,7.6,R
67,Ed Wood,Comedy,Tim Burton,1994,-12.171534,8.1,R
68,Everyone Says I Love You,Musical,Woody Allen,1996,14.6,6.8,R
69,Escape from L.A.,Action,John Carpenter,1996,-24.573139,5.3,R
70,Eraser,Action,Chuck Russell,1996,134.4,5.9,R
71,ET: The Extra-Terrestrial,Drama,Steven Spielberg,1982,782.410554,7.9,PG
72,Exotica,Drama,Atom Egoyan,1994,3.546118,7.1,R
73,Fabled,Horror,Ari S. Kirschenbaum,2004,-0.368575,5.4,R
74,From Dusk Till Dawn,Horror,Robert Rodriguez,1996,5.728961,7.1,R
75,Faithful,Black Comedy,Paul Mazursky,1996,-10.895561,5.7,R
76,The Fugitive,Thriller/Suspense,Andrew Davis,1993,324.9,7.8,PG-13
77,The Flintstones,Comedy,Brian Levant,1994,313.5,4.6,PG
78,Flatliners,Thriller/Suspense,Joel Schumacher,1990,35.308153,6.4,R
79,The Funeral,Drama,Abel Ferrara,1996,-11.087201,6.4,R
80,Forrest Gump,Drama,Robert Zemeckis,1994,624.400525,8.6,PG-13
81,First Blood,Action,Ted Kotcheff,1982,111.212904,7.4,R
82,Friday,Comedy,F. Gary Gray,1995,24.436778,7.0,R
83,Fargo,Thriller/Suspense,Joel Coen,1996,44.204567,8.3,R
84,First Knight,Drama,Jerry Zucker,1995,52.361412,5.6,PG-13
85,The Firm,Thriller/Suspense,Sydney Pollack,1993,228.340892,5.5,R
86,The First Wives Club,Comedy,Hugh Wilson,1996,151.489203,5.6,PG
87,Flirting with Disaster,Comedy,David O. Russell,1996,7.853474,6.7,R
88,The Ghost and the Darkness,Action,Stephen Hopkins,1996,-16.435578,6.6,R
89,Gory Gory Hallelujah,Musical,Sue Corcoran,2005,-0.412396,5.2,Not Rated
90,Ghostbusters,Comedy,Ivan Reitman,1984,261.632124,6.8,PG
91,Girl 6,Comedy,Spike Lee,1996,-7.119059,4.9,R
92,Goldeneye,Action,Martin Campbell,1995,296.429941,7.2,PG-13
93,Get on the Bus,Drama,Spike Lee,1996,3.291854,6.7,R
94,Groundhog Day,Comedy,Harold Ramis,1993,56.306973,8.2,PG
95,The Greatest Story Ever Told,Drama,David Lean,1965,-4.526667,6.3,G
96,Get Shorty,Comedy,Barry Sonnenfeld,1995,84.771008,6.9,R
97,Happiness,Comedy,Todd Solondz,1998,2.746453,6.5,Not Rated
98,Highlander,Action,Russell Mulcahy,1986,-3.1,7.2,R
99,Home Alone 2: Lost in New York,Comedy,Chris Columbus,1992,338.99485,5.8,PG
100,Home Alone,Comedy,Chris Columbus,1990,461.684675,7.0,PG
101,Henry V,Action,Kenneth Branagh,1989,1.161099,7.9,PG-13
102,Happy Gilmore,Comedy,Dennis Dugan,1996,28.62346,6.9,PG-13
103,The Hudsucker Proxy,Comedy,Joel Coen,1994,-25.061851,7.4,PG
104,Independence Day,Adventure,Roland Emmerich,1996,742.400878,6.5,PG-13
105,The Island of Dr. Moreau,Adventure,John Frankenheimer,1996,-12.317288,4.1,PG-13
106,The Indian in the Cupboard,Adventure,Frank Oz,1995,-9.372778,5.7,PG
107,In the Company of Men,Drama,Neil LaBute,1997,2.858661,7.2,R
108,The Island,Adventure,Michael Ritchie,1980,-6.283172,6.9,PG-13
109,Jack,Drama,Francis Ford Coppola,1996,13.617334,5.3,PG-13
110,Jade,Thriller/Suspense,William Friedkin,1995,-40.18713,4.8,R
111,Jingle All the Way,Comedy,Brian Levant,1996,69.832389,4.9,PG
112,The Jungle Book,Adventure,Stephen Sommers,1994,17.342956,5.8,PG
113,Jefferson in Paris,Drama,James Ivory,1995,-11.538372,5.6,PG-13
114,JFK,Drama,Oliver Stone,1991,165.4,8.0,R
115,Jumanji,Adventure,Joe Johnston,1995,197.75831,6.4,PG
116,Jurassic Park,Action,Steven Spielberg,1993,860.067947,7.9,PG-13
117,Jaws,Horror,Steven Spielberg,1975,458.7,8.3,PG
118,Kingpin,Comedy,Bobby Farrelly,1996,7.223424,6.7,R
119,Kiss of Death,Drama,Barbet Schroeder,1995,-25.057578,7.6,R
120,Kansas City,Drama,Robert Altman,1996,-17.646176,6.0,R
121,A Low Down Dirty Shame,Action,Keenen Ivory Wayans,1994,19.317886,5.4,R
122,The Long Kiss Goodnight,Action,Renny Harlin,1996,-31.552388,6.6,R
123,Aliens,Action,James Cameron,1986,166.316455,7.5,R
124,Alien³,Action,David Fincher,1992,103.5,6.3,R
125,The Lion King,Adventure,Rob Minkoff,1994,704.539505,8.2,G
126,Legends of the Fall,Drama,Edward Zwick,1994,36.502573,7.1,R
127,Lone Star,Drama,John Sayles,1996,7.961389,7.6,R
128,Lethal Weapon 3,Action,Richard Donner,1992,284.7,6.5,R
129,Leaving Las Vegas,Drama,Mike Figgis,1995,45.8,7.6,R
130,Menace II Society,Action,Albert Hughes,1993,24.231527,7.4,R
131,Mary Reilly,Drama,Stephen Frears,1996,-40.629885,5.5,R
132,The Mask,Comedy,Chuck Russell,1994,325.9,6.6,PG-13
133,Mars Attacks!,Comedy,Tim Burton,1996,21.371017,6.3,PG-13
134,Michael Collins,Drama,Neil Jordan,1996,2.572844,6.9,R
135,Amadeus,Drama,Milos Forman,1984,33.973029,8.4,R
136,The Mighty Ducks,Comedy,Stephen Herek,1992,40.752337,5.9,PG
137,The Mirror Has Two Faces,Romantic Comedy,Barbra Streisand,1996,-0.732531,6.0,PG-13
138,Money Train,Action,Joseph Ruben,1995,9.224232,5.2,R
139,Mallrats,Comedy,Kevin Smith,1995,-3.991633,7.1,R
140,Mrs. Winterbourne,Romantic Comedy,Richard Benjamin,1996,-14.960434,5.8,PG-13
141,Mrs. Doubtfire,Comedy,Chris Columbus,1993,416.286003,6.6,PG-13
142,Mortal Kombat,Action,Paul Anderson,1995,102.133227,5.4,PG-13
143,Frankenstein,Horror,Kenneth Branagh,1994,67.006296,6.2,R
144,Mission: Impossible,Action,Brian De Palma,1996,376.481886,6.9,PG-13
145,Multiplicity,Comedy,Harold Ramis,1996,-24.866674,5.7,PG-13
146,The English Patient,Drama,Anthony Minghella,1996,196.716374,7.3,R
147,Naked Gun 33 1/3: The Final Insult,Comedy,Peter Segal,1994,21.041856,6.1,PG-13
148,Interview with the Vampire: The Vampire Chronicles,Horror,Neil Jordan,1994,173.564608,7.4,R
149,The Nutty Professor,Comedy,Tom Shadyac,1996,218.814019,5.6,PG-13
150,Nixon,Drama,Oliver Stone,1995,-10.331751,7.1,R
151,On Deadly Ground,Action,Steven Seagal,1994,-11.409542,3.8,R
152,Outbreak,Thriller/Suspense,Wolfgang Petersen,1995,17.823573,6.4,R
153,The Outsiders,Drama,Francis Ford Coppola,1983,15.697647,7.0,PG-13
154,The Pallbearer,Romantic Comedy,Matt Reeves,1996,-2.343612,4.7,PG-13
155,Phenomenon,Drama,Jon Turteltaub,1996,110.836382,6.3,PG
156,The Phantom,Action,Simon Wincer,1996,-27.779401,4.8,PG
157,Pi,Thriller/Suspense,Darren Aronofsky,1998,4.610513,7.5,R
158,The Player,Black Comedy,Robert Altman,1992,20.876702,7.7,R
159,Apollo 13,Drama,Ron Howard,1995,269.1,7.5,PG
160,The Adventures of Pinocchio,Adventure,Steve Barron,1996,11.68217,5.3,G
161,LÈon,Thriller/Suspense,Luc Besson,1994,29.284974,8.6,R
162,Pulp Fiction,Drama,Quentin Tarantino,1994,204.928762,8.9,R
163,The Perez Family,Comedy,Mira Nair,1995,-8.205944,6.0,R
164,The Quick and the Dead,Western,Sam Raimi,1995,-13.44754,6.3,R
165,Ransom,Action,Ron Howard,1996,238.7,6.6,R
166,Robin Hood: Prince of Thieves,Adventure,Kevin Reynolds,1991,340.5,6.7,PG-13
167,Rob Roy,Drama,Michael Caton-Jones,1995,3.390587,6.8,R
168,Raging Bull,Drama,Martin Scorsese,1980,5.380203,8.4,Not Rated
169,Ri¢hie Ri¢h,Comedy,Donald Petrie,1994,-1.912244,4.7,PG
170,Raiders of the Lost Ark,Adventure,Steven Spielberg,1981,366.800358,8.7,PG
171,Renaissance Man,Comedy,Penny Marshall,1994,-15.827101,5.9,PG-13
172,Rambo: First Blood Part II,Action,George P. Cosmatos,1985,256.4,5.8,R
173,Romeo+Juliet,Drama,Baz Luhrmann,1996,133.042381,6.5,PG-13
174,The Rock,Action,Michael Bay,1996,261.069511,7.2,R
175,Run Lola Run,Thriller/Suspense,Tom Tykwer,1999,12.783173,6.0,R
176,The River Wild,Action,Curtis Hanson,1994,49.215,6.2,PG-13
177,Se7en,Thriller/Suspense,David Fincher,1995,298.125643,8.7,R
178,Secrets & Lies,Drama,Mike Leigh,1996,8.917292,7.9,R
179,Sabrina,Romantic Comedy,Sydney Pollack,1995,29.1,6.0,PG
180,Scarface,Drama,Brian De Palma,1983,19.942821,8.2,Not Rated
181,Schindler's List,Drama,Steven Spielberg,1993,296.2,8.9,R
182,Shadow Conspiracy,Thriller/Suspense,George P. Cosmatos,1997,-42.84546,4.7,R
183,Stargate,Action,Roland Emmerich,1994,141.565669,6.7,PG-13
184,The Shadow,Action,Russell Mulcahy,1994,-8.1644,5.6,PG-13
185,Shadowlands,Drama,Sir Richard Attenborough,1993,3.842377,7.4,R
186,Shine,Drama,Scott Hicks,1996,30.311509,7.6,PG-13
187,Showgirls,Drama,Paul Verhoeven,1995,-19.745068,4.1,NC-17
188,The Shawshank Redemption,Drama,Frank Darabont,1994,3.241469,9.2,R
189,Set It Off,Drama,F. Gary Gray,1996,27.049108,6.3,R
190,The Scarlet Letter,Drama,Roland Joffe,1995,-39.640994,4.6,R
191,Sleepers,Drama,Barry Levinson,1996,121.600852,7.3,R
192,The Usual Suspects,Drama,Bryan Singer,1995,17.341568,8.7,R
193,Serial Mom,Comedy,John Waters,1994,-5.118665,6.4,R
194,The Santa Clause,Comedy,John Pasquin,1994,167.8,6.1,PG
195,Sense and Sensibility,Drama,Ang Lee,1995,118.493774,7.7,PG
196,She's the One,Romantic Comedy,Edward Burns,1996,10.295053,6.0,R
197,Speed,Action,Jan De Bont,1994,253.2,2.6,R
198,Species,Action,Roger Donaldson,1995,78.354449,5.6,R
199,Superman,Adventure,Richard Donner,1978,245.2,4.9,PG
200,Smilla's Sense of Snow,Thriller/Suspense,Bille August,1997,-32.778006,6.1,R
201,Assassins,Action,Richard Donner,1995,33.306268,5.9,R
202,Star Trek: The Motion Picture,Adventure,Robert Wise,1979,104.0,6.2,PG
203,Stripes,Comedy,Ivan Reitman,1981,75.3,6.8,R
204,Striptease,Comedy,Andrew Bergman,1996,-17.226989,3.9,R
205,Saints and Soldiers,Drama,Ryan Little,2004,0.53047,7.0,PG-13
206,Swingers,Comedy,Doug Liman,1996,6.342637,6.2,R
207,The Sweet Hereafter,Drama,Atom Egoyan,1997,-0.693303,7.8,R
208,The Texas Chainsaw Massacre,Horror,Tobe Hooper,1974,26.432439,6.1,R
209,Timecop,Action,Peter Hyams,1994,74.053581,5.5,R
210,Tin Cup,Romantic Comedy,Ron Shelton,1996,30.854588,6.1,R
211,To Die For,Black Comedy,Gus Van Sant,1995,7.688744,6.8,R
212,The Fan,Thriller/Suspense,Tony Scott,1996,-36.417035,5.6,R
213,The Craft,Thriller/Suspense,Andrew Fleming,1996,40.669466,5.9,R
214,Tombstone,Western,George P. Cosmatos,1993,31.505,7.7,R
215,Trainspotting,Drama,Danny Boyle,1996,20.900785,8.2,R
216,True Lies,Action,James Cameron,1994,265.3,7.2,R
217,Terminator 2: Judgment Day,Action,James Cameron,1991,416.816151,8.5,R
218,A Time to Kill,Drama,Joel Schumacher,1996,112.266007,7.1,R
219,That Thing You Do!,Drama,Tom Hanks,1996,29.248615,6.7,PG
220,Twister,Action,Jan De Bont,1996,407.9,6.0,PG-13
221,Toy Story,Adventure,John Lasseter,1995,331.948825,8.2,G
222,Unforgettable,Thriller/Suspense,John Dahl,1996,-15.51621,5.7,R
223,Vampire in Brooklyn,Horror,Wes Craven,1995,5.637147,4.3,R
224,A Walk on the Moon,Drama,Tony Goldwyn,1999,-9.258013,6.4,R
225,Waiting for Guffman,Comedy,Christopher Guest,1997,-1.077012,7.4,R
226,White Squall,Adventure,Ridley Scott,1996,-27.7707,6.4,PG-13
227,Wolf,Thriller/Suspense,Mike Nichols,1994,61.011757,6.0,R
228,Warriors of Virtue,Action,Ronny Yu,1997,-28.551183,4.0,PG
229,Welcome to the Dollhouse,Comedy,Todd Solondz,1996,3.926732,7.3,R
230,Waterworld,Action,Kevin Reynolds,1995,89.24622,5.7,PG-13
231,Wayne's World,Comedy,Penelope Spheeris,1992,163.097323,6.9,PG-13
232,Wyatt Earp,Western,Lawrence Kasdan,1994,-37.948,6.4,PG-13
233,The Exorcist,Horror,William Friedkin,1973,390.5,8.1,R
234,Extreme Measures,Drama,Michael Apted,1996,-20.621807,5.9,R
235,Eye for an Eye,Drama,John Schlesinger,1996,6.7927,5.7,R
236,102 Dalmatians,Comedy,Kevin Lima,2000,-18.058441,4.4,G
237,"10,000 B.C.",Adventure,Roland Emmerich,2008,164.065678,5.8,PG-13
238,10th & Wolf,Drama,Robert Moresco,2006,-7.945298,6.3,Not Rated
239,Cloverfield,Action,Matt Reeves,2008,145.764033,7.4,PG-13
240,12 Rounds,Action,Renny Harlin,2009,-1.815917,5.4,PG-13
241,13 Going On 30,Comedy,Gary Winick,2004,66.439723,6.1,PG-13
242,16 Blocks,Action,Richard Donner,2006,20.595141,6.7,PG-13
243,First Daughter,Romantic Comedy,Forest Whitaker,2004,-19.580916,4.7,PG
244,2012,Action,Roland Emmerich,2009,566.812167,6.2,PG-13
245,2046,Drama,Wong Kar-wai,2005,7.202856,7.5,R
246,21,Thriller/Suspense,Robert Luketic,2008,122.852532,6.7,PG-13
247,21 Grams,Drama,Alejandro Gonzalez Inarritu,2003,40.448701,7.9,R
248,25th Hour,Drama,Spike Lee,2002,19.428503,7.9,R
249,28 Days,Comedy,Betty Thomas,2000,19.063972,5.8,PG-13
250,28 Days Later...,Horror,Danny Boyle,2003,67.719885,7.6,R
251,Two Brothers,Drama,Jean-Jacques Annaud,2004,-32.074397,6.0,PG
252,Cop Out,Comedy,Kevin Smith,2010,7.875481,5.7,R
253,Two Lovers,Drama,James Gray,2009,-0.450966,7.3,R
254,300,Action,Zack Snyder,2007,396.068181,7.8,R
255,Three Kings,Action,David O. Russell,1999,59.752036,7.3,R
256,3:10 to Yuma,Western,James Mangold,2007,21.791889,7.9,R
257,40 Days and 40 Nights,Romantic Comedy,Michael Lehmann,2002,78.092667,5.4,R
258,The 40 Year-old Virgin,Comedy,Judd Apatow,2005,151.339049,7.5,R
259,Four Brothers,Drama,John Singleton,2005,62.494381,6.8,R
260,Four Christmases,Comedy,Seth Gordon,2008,83.54604,5.7,PG-13
261,The Four Feathers,Drama,Shekhar Kapur,2002,-5.117355,6.3,PG-13
262,50 First Dates,Romantic Comedy,Peter Segal,2004,121.376832,6.8,PG-13
263,The 6th Day,Action,Roger Spottiswoode,2000,14.024898,5.8,PG-13
264,Seven Pounds,Drama,Gabriele Muccino,2008,112.617328,7.6,PG-13
265,88 Minutes,Thriller/Suspense,Jon Avnet,2008,2.955399,5.9,R
266,Eight Below,Adventure,Frank Marshall,2006,80.612565,7.3,PG
267,8 Mile,Drama,Curtis Hanson,2002,201.924075,6.7,R
268,9,Adventure,Shane Acker,2009,16.603791,7.8,PG-13
269,The Whole Ten Yards,Comedy,Howard Deutch,2004,-3.676031,5.1,PG-13
270,About a Boy,Romantic Comedy,Paul Weitz,2002,102.949664,7.4,PG-13
271,A Bug's Life,Adventure,John Lasseter,1998,318.109485,7.3,G
272,Absolute Power,Thriller/Suspense,Clint Eastwood,1997,0.06831,6.5,R
273,Adaptation,Comedy,Spike Jonze,2002,3.99852,7.9,R
274,Anything Else,Romantic Comedy,Woody Allen,2003,-4.796956,6.4,R
275,Antwone Fisher,Drama,Denzel Washington,2002,10.867586,7.3,PG-13
276,After the Sunset,Action,Brett Ratner,2004,-18.670886,6.2,PG-13
277,A Good Year,Drama,Ridley Scott,2006,7.064105,6.8,PG-13
278,Air Bud,Comedy,Charles Martin Smith,1997,24.555061,4.6,PG
279,Air Force One,Action,Wolfgang Petersen,1997,230.268353,6.3,R
280,All the King's Men,Drama,Steven Zaillian,2006,-45.478542,6.0,PG-13
281,All About the Benjamins,Comedy,Kevin Bray,2002,11.873145,5.3,R
282,Albino Alligator,Drama,Kevin Spacey,1997,-4.64652,5.9,R
283,Sweet Home Alabama,Comedy,Andy Tennant,2002,125.37933,5.8,PG-13
284,Fat Albert,Comedy,Joel Zwick,2004,3.563556,4.0,PG
285,Alice in Wonderland,Adventure,Tim Burton,2010,823.29111,6.7,PG
286,Alfie,Comedy,Charles Shyer,2004,-4.804061,6.1,R
287,Ali,Drama,Michael Mann,2001,-24.616034,6.6,R
288,Alien: Resurrection,Action,Jean-Pierre Jeunet,1997,100.7,6.2,R
289,Alien,Horror,Ridley Scott,1979,194.63063,8.5,R
290,All the Pretty Horses,Western,Billy Bob Thornton,2000,-26.879733,5.7,PG-13
291,Almost Famous,Comedy,Cameron Crowe,2000,-12.628809,8.0,R
292,Evan Almighty,Comedy,Tom Shadyac,2007,-1.78072,5.5,PG
293,Bruce Almighty,Comedy,Tom Shadyac,2003,404.004995,6.6,PG-13
294,Alone in the Dark,Horror,Uwe Boll,2005,-11.821431,2.3,R
295,Along Came a Spider,Thriller/Suspense,Lee Tamahori,2001,77.159085,6.1,R
296,Alvin and the Chipmunks,Comedy,Tim Hill,2007,305.578644,5.5,PG
297,Alex & Emma,Drama,Rob Reiner,2003,-14.641417,5.4,PG-13
298,Alexander,Adventure,Oliver Stone,2004,12.297191,5.4,R
299,American Beauty,Drama,Sam Mendes,1999,341.258047,8.6,R
300,An American Carol,Comedy,David Zucker,2008,-12.986809,4.5,PG-13
301,American Dreamz,Black Comedy,Paul Weitz,2006,-0.489029,5.7,PG-13
302,Amelia,Drama,Mira Nair,2009,-20.277218,5.7,PG
303,Le Fabuleux destin d'AmÈlie Poulain,Comedy,Jean-Pierre Jeunet,2001,163.851661,8.5,R
304,American Gangster,Drama,Ridley Scott,2007,165.697825,7.9,R
305,Amistad,Drama,Steven Spielberg,1997,4.212592,7.1,R
306,Amores Perros,Drama,Alejandro Gonzalez Inarritu,2001,18.883834,8.1,R
307,American Pie,Comedy,Paul Weitz,1999,222.8,6.9,R
308,American Psycho,Black Comedy,Mary Harron,2000,20.674417,7.4,R
309,Anacondas: The Hunt for the Blood Orchid,Horror,Dwight H. Little,2004,45.326393,4.3,PG-13
310,Anastasia,Musical,Don Bluth,1997,86.80141,6.6,G
311,Anchorman: The Legend of Ron Burgundy,Comedy,Adam McKay,2004,64.366354,7.0,PG-13
312,Angels & Demons,Thriller/Suspense,Ron Howard,2009,335.975846,6.7,PG-13
313,Angela's Ashes,Drama,Alan Parker,1999,-11.96134,7.0,R
314,Anger Management,Comedy,Peter Segal,2003,139.660942,6.1,PG-13
315,The Animal,Comedy,Luke Greenfield,2001,33.762229,4.6,PG-13
316,Anna and the King,Drama,Andy Tennant,1999,-35.748872,6.5,PG-13
317,Analyze That,Comedy,Harold Ramis,2002,-5.005243,5.6,R
318,Analyze This,Comedy,Harold Ramis,1999,146.885658,6.6,R
319,Marie Antoinette,Drama,Sofia Coppola,2006,20.862471,6.4,PG-13
320,Antz,Adventure,Tim Johnson,1998,92.457863,6.8,PG
321,Anywhere But Here,Drama,Wayne Wang,1999,-4.346385,5.9,PG-13
322,Appaloosa,Western,Ed Harris,2008,6.111394,6.8,R
323,Apocalypto,Adventure,Mel Gibson,2006,77.785051,7.9,R
324,The Apostle,Drama,Robert Duvall,1997,16.27777,7.1,PG-13
325,Ararat,Drama,Atom Egoyan,2002,-13.807,6.6,R
326,Are We There Yet?,Romantic Comedy,Brian Levant,2005,77.918663,4.2,PG
327,Armageddon,Adventure,Michael Bay,1998,414.6,6.1,PG-13
328,Against the Ropes,Drama,Charles S. Dutton,2004,-32.570135,5.2,PG-13
329,King Arthur,Adventure,Antoine Fuqua,2004,113.877963,6.2,PG-13
330,Arthur et les Minimoys,Adventure,Luc Besson,2006,30.10234,5.9,PG
331,Artificial Intelligence: AI,Drama,Steven Spielberg,2001,145.9,6.9,PG-13
332,The Art of War,Thriller/Suspense,Christian Duguay,2000,-9.800895,5.5,R
333,Astro Boy,Adventure,David Bowers,2009,-20.906986,6.4,PG
334,A Serious Man,Comedy,Joel Coen,2009,23.710147,7.2,R
335,The Astronaut Farmer,Drama,Michael Polish,2007,-1.996357,6.4,PG
336,As Good as it Gets,Romantic Comedy,James L. Brooks,1997,264.111923,7.8,PG-13
337,A Simple Plan,Drama,Sam Raimi,1998,-0.683727,7.6,R
338,The A-Team,Action,Joe Carnahan,2010,66.047914,7.2,PG-13
339,Atlantis: The Lost Empire,Adventure,Gary Trousdale,2001,96.04902,6.4,PG
340,Autumn in New York,Drama,Joan Chen,2000,50.717684,4.8,PG-13
341,Atonement,Drama,Joe Wright,2007,99.425746,7.9,R
342,Austin Powers: The Spy Who Shagged Me,Comedy,Jay Roach,1999,274.6,6.6,PG-13
343,Austin Powers in Goldmember,Comedy,Jay Roach,2002,229.738626,6.2,PG-13
344,Austin Powers: International Man of Mystery,Comedy,Jay Roach,1997,49.683989,7.1,PG-13
345,Australia,Drama,Baz Luhrmann,2008,129.482792,6.8,PG-13
346,Auto Focus,Drama,Paul Schrader,2002,-4.296179,6.6,R
347,Avatar,Action,James Cameron,2009,2530.891499,8.3,PG-13
348,The Aviator,Drama,Martin Scorsese,2004,104.608827,7.6,PG-13
349,AVP: Alien Vs. Predator,Horror,Paul Anderson,2004,102.543519,5.4,PG-13
350,Around the World in 80 Days,Adventure,Frank Coraci,2004,-37.995841,5.6,PG
351,Away We Go,Comedy,Sam Mendes,2009,-10.891984,7.3,R
352,Babe: Pig in the City,Adventure,George Miller,1998,-10.86814,6.1,G
353,Babel,Drama,Alejandro Gonzalez Inarritu,2006,115.302837,7.6,R
354,Babylon A.D.,Action,Mathieu Kassovitz,2008,25.216497,5.3,PG-13
355,Bad Boys II,Action,Michael Bay,2003,142.94087,6.2,R
356,Bad Company,Action,Joel Schumacher,2002,-0.842984,5.3,PG-13
357,La mala educaciÛn,Drama,Pedro Almodovar,2004,35.311842,7.5,NC-17
358,The Bad News Bears,Comedy,Richard Linklater,2005,-1.49938,7.1,PG-13
359,Burn After Reading,Black Comedy,Joel Coen,2008,126.415735,7.2,R
360,Bait,Action,Antoine Fuqua,2000,-19.528031,5.6,R
361,Black and White,Drama,James Toback,2000,-4.758685,6.6,R
362,Bangkok Dangerous,Action,Oxide Pang Chun,2008,1.598133,5.4,R
363,Basic Instinct 2,Thriller/Suspense,Michael Caton-Jones,2006,-34.582838,3.9,R
364,Basic,Thriller/Suspense,John McTiernan,2003,-7.401502,6.3,R
365,Batman Begins,Action,Christopher Nolan,2005,222.353017,8.3,PG-13
366,The Dark Knight,Action,Christopher Nolan,2008,837.345358,8.9,PG-13
367,Baby Boy,Drama,John Singleton,2001,12.734552,6.1,R
368,The Curious Case of Benjamin Button,Drama,David Fincher,2008,169.809326,8.0,PG-13
369,Bless the Child,Thriller/Suspense,Chuck Russell,2000,0.435694,4.8,R
370,Be Cool,Comedy,F. Gary Gray,2005,19.849401,5.6,PG-13
371,Big Daddy,Comedy,Dennis Dugan,1999,204.779795,4.7,PG-13
372,Bedazzled,Comedy,Harold Ramis,2000,42.376224,5.9,PG-13
373,Body of Lies,Thriller/Suspense,Ridley Scott,2008,40.894666,7.2,R
374,Blood Diamond,Action,Edward Zwick,2006,71.377916,8.0,R
375,Beautiful,Drama,Sally Field,2000,-5.865491,4.4,PG-13
376,Beavis and Butt-head Do America,Comedy,Mike Judge,1996,51.118386,6.6,PG-13
377,Bend it Like Beckham,Drama,Gurinder Chadha,2003,71.583333,6.9,PG-13
378,In the Bedroom,Drama,Todd Field,2001,41.730604,7.5,R
379,Bee Movie,Comedy,Steve Hickner,2007,137.594577,6.3,PG
380,Being John Malkovich,Black Comedy,Spike Jonze,1999,19.382381,7.9,R
381,Beloved,Drama,Jonathan Demme,1998,-30.147513,5.3,R
382,The Benchwarmers,Comedy,Dennis Dugan,2006,29.843754,5.4,PG-13
383,Beowulf,Adventure,Robert Zemeckis,2007,44.995215,6.6,PG-13
384,Beauty Shop,Comedy,Bille Woodruff,2005,13.35135,5.3,PG-13
385,Better Luck Tomorrow,Drama,Justin Lin,2003,3.559226,7.1,R
386,Big Fat Liar,Comedy,Shawn Levy,2002,37.375275,5.2,PG
387,Big Fish,Drama,Tim Burton,2003,53.432867,8.1,PG-13
388,Before Sunset,Drama,Richard Linklater,2004,9.29379,8.0,R
389,The Big Lebowski,Comedy,Joel Coen,1998,31.189568,8.2,R
390,Big Momma's House,Comedy,Raja Gosnell,2000,140.559438,4.7,PG-13
391,Black Hawk Down,Action,Ridley Scott,2001,78.638745,7.7,R
392,Big Trouble,Comedy,Barry Sonnenfeld,2002,-36.511129,6.3,PG-13
393,Billy Elliot,Drama,Stephen Daldry,2000,104.280263,7.7,PG-13
394,Bicentennial Man,Drama,Chris Columbus,1999,-2.579224,6.4,PG
395,The Bank Job,Thriller/Suspense,Roger Donaldson,2008,43.06066,7.5,R
396,Blade,Action,Stephen Norrington,1998,86.237688,7.0,R
397,Blast from the Past,Comedy,Hugh Wilson,1999,-8.38638,6.4,PG-13
398,Blade 2,Action,Guillermo Del Toro,2002,100.338601,5.5,R
399,Blade: Trinity,Action,David Goyer,2004,67.397389,5.7,R
400,Blood Work,Thriller/Suspense,Clint Eastwood,2002,-23.800483,6.3,R
401,Zwartboek,Thriller/Suspense,Paul Verhoeven,2007,-17.601608,8.0,R
402,Blindness,Thriller/Suspense,Fernando Meirelles,2008,-10.457342,6.6,R
403,Legally Blonde,Comedy,Robert Luketic,2001,123.743426,6.2,PG-13
404,Blood and Wine,Thriller/Suspense,Bob Rafelson,1997,-24.91665,6.1,R
405,Blow,Drama,Ted Demme,2001,53.282296,7.4,R
406,Bamboozled,Drama,Spike Lee,2000,-7.626063,6.3,R
407,A Beautiful Mind,Drama,Ron Howard,2001,238.708996,8.0,PG-13
408,Bandits,Comedy,Barry Levinson,2001,-3.476729,6.5,PG-13
409,Bobby,Drama,Emilio Estevez,2006,6.597806,7.1,R
410,The Bone Collector,Thriller/Suspense,Phillip Noyce,1999,103.46309,6.3,R
411,Boogie Nights,Drama,Paul Thomas Anderson,1997,28.111725,7.9,R
412,Borat,Comedy,Larry Charles,2006,243.572744,7.7,R
413,The Bourne Identity,Action,Doug Liman,2002,153.3,7.7,PG-13
414,The Bourne Supremacy,Action,Paul Greengrass,2004,203.58745,7.6,PG-13
415,The Bourne Ultimatum,Action,Paul Greengrass,2007,312.161562,8.2,PG-13
416,The Borrowers,Comedy,Peter Hewitt,1998,25.045832,5.6,PG
417,My Boss's Daughter,Romantic Comedy,David Zucker,2003,1.549702,4.3,PG-13
418,Bowling for Columbine,Documentary,Michael Moore,2002,55.576018,8.2,R
419,Boys Don't Cry,Drama,Kimberly Peirce,1999,18.741,7.6,R
420,Bride & Prejudice,Musical,Gurinder Chadha,2005,15.064531,6.2,PG-13
421,Beyond Borders,Drama,Martin Campbell,2003,-48.57291,6.2,R
422,Breakfast of Champions,Comedy,Alan Rudolph,1999,-11.821713,4.3,R
423,Bringing Out The Dead,Black Comedy,Martin Scorsese,1999,-15.35979,6.8,R
424,Brooklyn's Finest,Thriller/Suspense,Antoine Fuqua,2010,3.319627,6.9,R
425,Brokeback Mountain,Drama,Ang Lee,2005,166.443761,7.8,R
426,The Break Up,Romantic Comedy,Peyton Reed,2006,150.944203,5.9,PG-13
427,An Alan Smithee Film: Burn Hollywood Burn,Comedy,Arthur Hiller,1998,-9.954221,3.5,R
428,Bright Star,Drama,Jane Campion,2010,0.969105,7.1,PG
429,The Brown Bunny,Drama,Vincent Gallo,2004,-9.369573,4.9,Not Rated
430,Barbershop,Comedy,Tim Story,2002,65.081642,6.2,PG-13
431,Best in Show,Comedy,Christopher Guest,2000,14.695413,7.4,PG-13
432,Bad Santa,Comedy,Terry Zwigoff,2003,42.063017,7.3,R
433,Inglourious Basterds,Action,Quentin Tarantino,2009,250.389438,8.4,R
434,Blue Streak,Action,Les Mayfield,1999,81.448157,5.9,PG-13
435,Batman & Robin,Action,Joel Schumacher,1997,113.317814,3.5,PG-13
436,Bubble,Drama,Steven Soderbergh,2006,-1.454618,4.6,R
437,Buffalo '66,Comedy,Vincent Gallo,1998,0.880606,7.3,R
438,Bulworth,Comedy,Warren Beatty,1998,-0.796617,6.8,R
439,Bowfinger,Comedy,Frank Oz,1999,43.699769,6.4,PG-13
440,Bewitched,Comedy,Nora Ephron,2005,51.413159,4.8,PG-13
441,Beyond the Sea,Drama,Kevin Spacey,2004,-16.938363,6.6,PG-13
442,Cabin Fever,Horror,Eli Roth,2003,29.053394,5.4,R
443,Capote,Drama,Bennett Miller,2005,39.309352,7.6,R
444,Cars,Comedy,John Lasseter,2006,391.923762,7.5,G
445,Cast Away,Drama,Robert Zemeckis,2000,342.230516,7.5,PG-13
446,Catch Me if You Can,Drama,Steven Spielberg,2002,299.1068,5.7,PG-13
447,Cats Don't Dance,Musical,Mark Dindal,1997,-28.411398,6.9,G
448,Cecil B. Demented,Black Comedy,John Waters,2000,-8.046118,5.9,R
449,Connie & Carla,Comedy,Michael Lembeck,2004,-11.952475,6.0,PG-13
450,Collateral Damage,Action,Andrew Davis,2002,-6.646492,5.2,R
451,Crocodile Dundee in Los Angeles,Adventure,Simon Wincer,2001,14.393111,4.6,PG
452,Celebrity,Comedy,Woody Allen,1998,-5.8,6.1,R
453,Cellular,Thriller/Suspense,David R. Ellis,2004,0.261739,6.5,PG-13
454,City of Ember,Adventure,Gil Kenan,2008,-26.182941,6.4,PG
455,Charlie and the Chocolate Factory,Comedy,Tim Burton,2005,324.459076,7.1,PG
456,Catch a Fire,Thriller/Suspense,Phillip Noyce,2006,-8.300227,6.8,PG-13
457,Charlie's Angels: Full Throttle,Action,Joseph McGinty Nichol,2003,107.2,4.7,PG-13
458,Charlie's Angels,Adventure,Joseph McGinty Nichol,2000,173.2,5.5,PG-13
459,Chasing Amy,Romantic Comedy,Kevin Smith,1997,14.905095,7.5,R
460,Chicago,Musical,Rob Marshall,2002,277.687518,7.2,PG-13
461,Chicken Little,Adventure,Mark Dindal,2005,254.432738,5.8,G
462,Chicken Run,Adventure,Nick Park,2000,185.793915,7.3,G
463,Cheaper by the Dozen,Comedy,Shawn Levy,2003,149.714544,5.6,PG
464,Cheaper by the Dozen 2,Comedy,Adam Shankman,2005,75.01533,5.2,PG
465,Cheri,Drama,Stephen Frears,2009,-20.284343,6.1,R
466,Bride of Chucky,Horror,Ronny Yu,1998,25.692188,5.3,R
467,Children of Men,Thriller/Suspense,Alfonso Cuaron,2006,-6.549798,8.1,R
468,Chloe,Thriller/Suspense,Atom Egoyan,2010,-3.324828,6.5,R
469,Love in the Time of Cholera,Drama,Mike Newell,2007,-13.922582,6.2,R
470,Chocolat,Drama,Lasse Hallstrom,2000,127.500343,7.3,PG-13
471,Chuck&Buck,Drama,Chris Weitz,2000,0.907672,6.5,R
472,Charlotte's Web,Drama,Gary Winick,2006,61.485708,6.7,G
473,Cinderella Man,Drama,Ron Howard,2005,20.539911,8.0,PG-13
474,City of Angels,Drama,Brad Silberling,1998,143.750909,6.4,PG-13
475,A Civil Action,Drama,Steven Zaillian,1998,-3.290019,6.4,PG-13
476,The Santa Clause 2,Comedy,Michael Lembeck,2002,107.825854,5.5,G
477,Cold Mountain,Drama,Anthony Minghella,2003,81.632614,7.3,R
478,Click,Comedy,Frank Coraci,2006,155.055633,5.0,PG-13
479,Code Name: The Cleaner,Comedy,Les Mayfield,2007,-11.864976,4.0,PG-13
480,Closer,Drama,Mike Nichols,2004,80.987757,2.9,R
481,Clerks II,Comedy,Kevin Smith,2006,20.894473,7.7,R
482,Maid in Manhattan,Romantic Comedy,Wayne Wang,2002,99.832896,4.6,PG-13
483,It's Complicated,Romantic Comedy,Nancy Meyers,2009,149.614744,6.7,R
484,The Company,Drama,Robert Altman,2003,-11.603492,6.2,PG-13
485,Constantine,Action,Francis Lawrence,2005,155.884728,6.7,R
486,The Contender,Drama,Rod Lurie,2000,8.804273,6.9,R
487,Confessions of a Dangerous Mind,Drama,George Clooney,2002,4.013805,7.1,R
488,Collateral,Action,Michael Mann,2004,157.670152,7.8,R
489,Come Early Morning,Drama,Joey Lauren Adams,2006,-5.880548,6.2,R
490,Con Air,Action,Simon West,1997,144.117573,6.6,R
491,Confidence,Drama,James Foley,2003,-2.787583,6.8,R
492,Conspiracy Theory,Thriller/Suspense,Richard Donner,1997,57.11899,6.5,R
493,Contact,Drama,Robert Zemeckis,1997,75.9,7.3,PG
494,The Covenant,Thriller/Suspense,Renny Harlin,2006,18.164784,4.8,PG-13
495,Cop Land,Drama,James Mangold,1997,48.706632,6.9,R
496,Couples Retreat,Comedy,Peter Billingsley,2009,112.450423,5.5,PG-13
497,Cradle Will Rock,Drama,Tim Robbins,1999,-29.10003,6.7,R
498,Crash,Drama,David Cronenberg,1996,-6.642676,6.1,R
499,Crazy in Alabama,Drama,Antonio Banderas,1999,-13.045798,5.7,PG-13
500,Cradle 2 the Grave,Horror,Andrzej Bartkowiak,2003,31.434942,5.4,R
501,The Corruptor,Action,James Foley,1999,5.164492,5.8,R
502,Man cheng jin dai huang jin jia,Action,Yimou Zhang,2006,30.566773,7.0,R
503,Crash,Drama,Paul Haggis,2005,91.887109,6.1,R
504,The Count of Monte Cristo,Drama,Kevin Reynolds,2002,14.228104,7.6,PG-13
505,Cruel Intentions,Drama,Roger Kumble,1999,64.803716,6.7,R
506,The Last Castle,Drama,Rod Lurie,2001,-39.458332,6.5,R
507,Clockstoppers,Adventure,Jonathan Frakes,2002,12.788828,5.0,PG
508,The City of Your Final Destination,Drama,James Ivory,2010,-7.806704,6.6,PG-13
509,Cidade de Deus,Drama,Katia Lund,2003,25.463397,8.8,R
510,City of Ghosts,Drama,Matt Dillon,2003,-17.174509,5.9,R
511,City by the Sea,Drama,Michael Caton-Jones,2002,-17.566085,6.1,R
512,Cursed,Horror,Wes Craven,2005,-9.885099,4.8,PG-13
513,Cloudy with a Chance of Meatballs,Comedy,Phil Lord,2009,39.525862,7.2,PG
514,Charlie Wilson's War,Drama,Mike Nichols,2007,43.661095,7.3,R
515,Daddy Day Care,Comedy,Steve Carr,2003,104.285587,5.5,PG
516,The Black Dahlia,Thriller/Suspense,Brian De Palma,2006,-13.327187,5.6,R
517,Dance Flick,Comedy,Damien Wayans,2009,7.092761,3.4,PG-13
518,Daredevil,Action,Mark Steven Johnson,2003,99.179718,5.5,PG-13
519,Dark City,Thriller/Suspense,Alex Proyas,1998,0.257061,7.8,R
520,Donnie Darko,Drama,Richard Kelly,2001,-0.383693,8.3,R
521,Dark Water,Thriller/Suspense,Walter Salles,2005,-10.526907,5.6,PG-13
522,Win a Date with Tad Hamilton!,Romantic Comedy,Robert Luketic,2004,-7.019902,5.7,PG-13
523,Date Movie,Comedy,Jason Friedberg,2006,64.548426,2.6,PG-13
524,Date Night,Comedy,Shawn Levy,2010,97.253432,6.5,PG-13
525,Dawn of the Dead,Horror,Zack Snyder,2004,74.290765,7.4,R
526,Daybreakers,Thriller/Suspense,Michael Spierig,2010,28.969954,6.6,R
527,Day of the Dead,Horror,Steve Miner,2008,-18.0,4.5,R
528,The Great Debaters,Drama,Denzel Washington,2007,15.226144,7.6,PG-13
529,Double Jeopardy,Action,Bruce Beresford,1999,137.835231,6.0,R
530,Deep Blue Sea,Action,Renny Harlin,1999,105.048228,5.6,R
531,Drive Me Crazy,Comedy,John Schultz,1999,14.591451,5.1,PG-13
532,Diary of the Dead,Horror,George A. Romero,2008,1.976656,6.0,R
533,Dear John,Drama,Lasse Hallstrom,2010,87.014842,7.0,PG-13
534,Dear Wendy,Drama,Thomas Vinterberg,2005,-7.553562,6.6,Not Rated
535,D.E.B.S.,Action,Angela Robinson,2005,-3.403207,5.1,PG-13
536,Deconstructing Harry,Romantic Comedy,Woody Allen,1997,-9.313159,7.2,R
537,Deep Rising,Action,Stephen Sommers,1998,-33.796974,5.7,R
538,Death at a Funeral,Comedy,Neil LaBute,2010,21.739347,5.1,R
539,DÈj‡ Vu,Thriller/Suspense,Tony Scott,2006,101.038616,7.0,PG-13
540,The Devil's Own,Thriller/Suspense,Alan J. Pakula,1997,50.9,5.8,R
541,Defiance,Drama,Edward Zwick,2008,-7.731255,5.9,R
542,Dragonfly,Drama,Tom Shadyac,2002,-29.936195,5.8,PG-13
543,Dick,Comedy,Andrew Fleming,1999,-6.723131,6.1,PG-13
544,Live Free or Die Hard,Action,Len Wiseman,2007,273.531464,7.5,PG-13
545,Banlieue 13,Action,Pierre Morel,2006,-3.791709,7.1,R
546,Disaster Movie,Comedy,Jason Friedberg,2008,14.690901,1.7000000000000002,PG-13
547,District 9,Thriller/Suspense,Neill Blomkamp,2009,176.552113,8.3,R
548,Le Scaphandre et le Papillon,Drama,Julian Schnabel,2007,5.689095,8.0,PG-13
549,Dark Blue,Drama,Ron Shelton,2003,-3.066604,6.6,R
550,Madea's Family Reunion,Comedy,Tyler Perry,2006,53.308879,3.9,PG-13
551,DOA: Dead or Alive,Action,Corey Yuen,2007,-27.32914,4.9,PG-13
552,Dogma,Comedy,Kevin Smith,1999,33.948865,7.3,R
553,Domestic Disturbance,Thriller/Suspense,Harold Becker,2001,-7.792888,5.3,PG-13
554,Domino,Action,Tony Scott,2005,-32.240798,5.9,R
555,Donnie Brasco,Drama,Mike Newell,1997,20.954997,7.7,R
556,Doom,Horror,Andrzej Bartkowiak,2005,-15.387663,5.2,R
557,Deep Impact,Adventure,Mimi Leder,1998,269.464664,6.0,PG-13
558,The Departed,Drama,Martin Scorsese,2006,200.539042,8.5,R
559,Death Race,Action,Paul Anderson,2008,7.516819,6.6,R
560,Drag Me To Hell,Horror,Sam Raimi,2009,55.724728,7.1,PG-13
561,Doctor Dolittle 2,Comedy,Steve Carr,2001,104.101721,6.0,PG
562,Doctor Dolittle,Comedy,Betty Thomas,1998,222.656605,5.2,PG-13
563,Driven,Action,Renny Harlin,2001,-17.383131,4.2,PG-13
564,I Dreamed of Africa,Drama,Hugh Hudson,2000,-27.456806,5.2,PG-13
565,Dreamcatcher,Drama,Lawrence Kasdan,2003,7.685268,5.3,R
566,Dreamgirls,Musical,Bill Condon,2006,79.965956,6.6,PG-13
567,Disturbia,Thriller/Suspense,D.J. Caruso,2007,97.573043,7.0,PG-13
568,Death at a Funeral,Comedy,Frank Oz,2007,14.743644,5.1,R
569,Dirty Pretty Things,Drama,Stephen Frears,2003,3.904766,7.5,R
570,Dudley Do-Right,Comedy,Hugh Wilson,1999,-12.181208,3.6,PG
571,The Dukes of Hazzard,Comedy,Jay Chandrasekhar,2005,57.570227,4.7,PG-13
572,Duplex,Comedy,Danny De Vito,2003,-29.929349,5.7,PG-13
573,The Da Vinci Code,Thriller/Suspense,Ron Howard,2006,632.236138,6.4,PG-13
574,Down to Earth,Comedy,Paul Weitz,2001,41.172251,5.0,PG-13
575,I'm Not There,Drama,Todd Haynes,2007,-8.501453,7.1,R
576,Edge of Darkness,Drama,Martin Campbell,2010,18.739628,6.7,R
577,EDtv,Comedy,Ron Howard,1999,-24.680311,6.0,PG-13
578,Eagle Eye,Thriller/Suspense,D.J. Caruso,2008,98.066569,6.6,PG-13
579,8MM,Thriller/Suspense,Joel Schumacher,1999,56.398826,6.3,R
580,Election,Black Comedy,Alexander Payne,1999,6.443582,7.4,R
581,Elf,Comedy,Jon Favreau,2003,188.443451,6.8,PG
582,Elizabeth,Drama,Shekhar Kapur,1998,57.150642,7.6,R
583,Once Upon a Time in Mexico,Action,Robert Rodriguez,2003,69.156459,6.2,R
584,The Emperor's New Groove,Adventure,Mark Dindal,2000,69.296573,7.4,G
585,Enchanted,Romantic Comedy,Kevin Lima,2007,255.384141,7.5,PG
586,The End of the Affair,Drama,Neil Jordan,1999,-12.339853,6.9,R
587,End of Days,Action,Peter Hyams,1999,112.026975,5.4,R
588,Enemy at the Gates,Drama,Jean-Jacques Annaud,2001,11.971293,7.4,R
589,Enemy of the State,Action,Tony Scott,1998,165.649836,7.2,R
590,Entrapment,Thriller/Suspense,Jon Amiel,1999,145.7,6.1,PG-13
591,Enough,Thriller/Suspense,Michael Apted,2002,1.177215,6.5,PG-13
592,Envy,Comedy,Barry Levinson,2004,-5.433754,4.6,PG-13
593,Epic Movie,Comedy,Jason Friedberg,2007,66.858578,2.2,PG-13
594,Erin Brockovich,Drama,Steven Soderbergh,2000,208.4,7.2,R
595,Elizabethtown,Drama,Cameron Crowe,2005,-3.280627,6.4,PG-13
596,Eternal Sunshine of the Spotless Mind,Comedy,Michel Gondry,2004,27.066518,8.5,R
597,Eve's Bayou,Drama,Kasi Lemmons,1997,9.843425,7.0,R
598,Event Horizon,Horror,Paul Anderson,1997,-33.326758,6.3,R
599,Evita,Musical,Alan Parker,1996,96.947179,6.1,PG
600,Evolution,Comedy,Ivan Reitman,2001,18.341932,5.9,PG-13
601,Exit Wounds,Action,Andrzej Bartkowiak,2001,46.958599,5.2,R
602,The Exorcism of Emily Rose,Thriller/Suspense,Scott Derrickson,2005,126.216468,6.8,PG-13
603,Exorcist: The Beginning,Horror,Renny Harlin,2004,-34.042459,5.0,R
604,eXistenZ,Thriller/Suspense,David Cronenberg,1999,-17.859583,6.8,R
605,Extract,Comedy,Mike Judge,2009,3.349158,6.4,R
606,Extreme Ops,Action,Christian Duguay,2002,-27.375529,4.1,PG-13
607,Eyes Wide Shut,Drama,Stanley Kubrick,1999,21.257553,7.2,R
608,The Faculty,Horror,Robert Rodriguez,1998,25.283321,6.3,R
609,Failure to Launch,Romantic Comedy,Tom Dey,2006,78.402901,5.6,PG-13
610,Far From Heaven,Drama,Todd Haynes,2002,15.527914,7.5,PG-13
611,Father's Day,Comedy,Ivan Reitman,1997,-49.31892,4.8,PG-13
612,Facing the Giants,Drama,Alex Kendrick,2006,10.078331,6.0,PG
613,Face/Off,Action,John Woo,1997,161.2,7.3,R
614,Final Destination 2,Horror,David R. Ellis,2003,63.626226,6.4,R
615,Final Destination 3,Horror,James Wong,2006,87.798051,5.9,R
616,The Final Destination,Horror,David R. Ellis,2009,145.7777,4.9,R
617,FearDotCom,Horror,William Malone,2002,-26.791977,3.1,R
618,Fear and Loathing in Las Vegas,Comedy,Terry Gilliam,1998,-4.788097,7.6,R
619,The Fifth Element,Action,Luc Besson,1997,168.9,7.4,PG-13
620,Femme Fatale,Thriller/Suspense,Brian De Palma,2002,-28.407897,6.3,R
621,Bring it On,Comedy,Peyton Reed,2000,80.45355,5.9,PG-13
622,Fantastic Four,Action,Tim Story,2005,243.079719,5.7,PG-13
623,2 Fast 2 Furious,Action,John Singleton,2003,160.220058,5.1,PG-13
624,The Fast and the Furious,Action,Rob Cohen,2001,168.51231,6.0,PG-13
625,Fool's Gold,Adventure,Andy Tennant,2008,36.862966,7.6,PG-13
626,Fahrenheit 9/11,Documentary,Michael Moore,2004,216.414517,7.6,R
627,Capitalism: A Love Story,Documentary,Michael Moore,2009,-5.321772,7.3,R
628,From Hell,Thriller/Suspense,Albert Hughes,2001,-3.401692,6.8,R
629,Fight Club,Drama,David Fincher,1999,35.853753,8.8,R
630,Finding Forrester,Drama,Gus Van Sant,2000,37.013623,7.2,PG-13
631,Felicia's Journey,Drama,Atom Egoyan,1999,-13.029732,6.9,PG-13
632,Final Destination,Horror,James Wong,2000,89.802314,6.8,R
633,Flags of Our Fathers,Drama,Clint Eastwood,2006,8.902376,7.2,R
634,Flawless,Drama,Joel Schumacher,1999,-22.514515,6.7,R
635,United 93,Drama,Paul Greengrass,2006,58.366864,7.8,R
636,Flubber,Comedy,Les Mayfield,1997,97.993801,4.6,PG
637,Flushed Away,Comedy,Sam Fell,2006,28.665672,7.0,PG
638,Flyboys,Drama,Tony Bill,2006,-45.183621,6.5,PG-13
639,Find Me Guilty,Drama,Sidney Lumet,2006,-11.211923,7.1,R
640,The Family Man,Comedy,Brett Ratner,2000,64.715863,6.6,PG-13
641,Finding Nemo,Adventure,Andrew Stanton,2003,773.894287,8.2,G
642,The Fountain,Drama,Darren Aronofsky,2006,-19.538362,7.4,PG-13
643,The Forbidden Kingdom,Action,Rob Minkoff,2008,74.07527,6.7,PG-13
644,Freedom Writers,Drama,Richard LaGravenese,2007,22.090741,7.5,PG-13
645,Next Friday,Comedy,Steve Carr,2000,50.175307,5.3,R
646,Freaky Friday,Comedy,Mark Waters,2003,134.822438,6.5,PG
647,Serenity,Action,Joss Whedon,2005,-0.485483,8.0,PG-13
648,The Forgotton,Thriller/Suspense,Joseph Ruben,2004,61.311892,4.9,PG-13
649,Friday Night Lights,Drama,Peter Berg,2004,31.95077,7.2,PG-13
650,The Princess and the Frog,Adventure,John Musker,2009,158.467382,7.4,G
651,Full Frontal,Comedy,Steven Soderbergh,2002,1.438804,4.8,R
652,Fireproof,Drama,Alex Kendrick,2008,32.951479,5.6,PG
653,Frost/Nixon,Drama,Ron Howard,2008,-0.855414,7.9,R
654,The Full Monty,Comedy,Peter Cattaneo,1997,254.438649,7.2,R
655,Funny People,Comedy,Judd Apatow,2009,1.880305,6.8,R
656,Furry Vengeance,Comedy,Roger Kumble,2010,-13.369535,2.6,PG
657,Fever Pitch,Comedy,Bobby Farrelly,2005,10.071069,6.3,PG-13
658,For Your Consideration,Comedy,Christopher Guest,2006,-6.450077,6.2,PG-13
659,The Game,Thriller/Suspense,David Fincher,1997,-1.734419,7.7,R
660,Gangs of New York,Drama,Martin Scorsese,2002,93.4,7.4,R
661,Garfield,Comedy,Peter Hewitt,2004,150.802638,4.8,PG
662,Georgia Rule,Drama,Garry Marshall,2007,0.819601,5.8,R
663,Gattaca,Drama,Andrew Niccol,1997,-23.467223,7.8,PG-13
664,The Good German,Drama,Steven Soderbergh,2006,-30.691304,6.1,R
665,Gods and Monsters,Drama,Bill Condon,1998,2.951628,7.5,R
666,Gerry,Drama,Gus Van Sant,2003,-6.745317,6.2,R
667,Gridiron Gang,Drama,Phil Joanou,2006,11.480851,6.8,PG-13
668,Ghosts of Mississippi,Drama,Rob Reiner,1996,-22.947259,6.4,PG-13
669,Ghost Rider,Action,Mark Steven Johnson,2007,117.702596,5.2,PG-13
670,Ghost Town,Romantic Comedy,David Koepp,2008,6.61235,4.7,PG-13
671,The Gift,Thriller/Suspense,Sam Raimi,2000,34.567606,6.7,R
672,Gigli,Romantic Comedy,Martin Brest,2003,-46.733791,2.4,R
673,G.I.Jane,Drama,Ridley Scott,1997,-1.830844,5.5,R
674,G.I. Joe: The Rise of Cobra,Action,Stephen Sommers,2009,127.469019,5.8,PG-13
675,Gladiator,Action,Ridley Scott,2000,354.683805,8.3,R
676,Glitter,Musical,Vondie Curtis-Hall,2001,-4.226628,2.0,PG-13
677,Gloria,Drama,Sidney Lumet,1999,-25.032507,4.7,R
678,The Green Mile,Drama,Frank Darabont,1999,226.601374,8.4,R
679,Good Night and Good Luck,Drama,George Clooney,2005,47.601218,7.7,PG
680,The General's Daughter,Drama,Simon West,1999,89.705852,6.1,R
681,Godzilla,Action,Roland Emmerich,1998,251.0,4.8,PG-13
682,Good Will Hunting,Drama,Gus Van Sant,1987,215.933435,8.1,R
683,Gosford Park,Comedy,Robert Altman,2001,23.300105,7.3,R
684,The Game Plan,Comedy,Andy Fickman,2007,125.914546,6.3,PG
685,Girl with a Pearl Earring,Drama,Peter Webber,2003,10.10621,7.1,PG-13
686,The Great Raid,Action,John Dahl,2005,-49.40293,6.8,R
687,The Grand,Comedy,Zak Penn,2008,-2.884121,6.1,R
688,The Constant Gardener,Drama,Fernando Meirelles,2005,55.579798,7.6,R
689,Garden State,Drama,Zach Braff,2004,29.881151,7.9,R
690,Grease,Musical,Randal Kleiser,1978,200.00526,7.0,PG
691,Green Zone,Drama,Paul Greengrass,2010,-15.211459,7.1,R
692,The Brothers Grimm,Adventure,Terry Gilliam,2005,25.299638,5.9,PG-13
693,The Girl Next Door,Romantic Comedy,Luke Greenfield,2004,-6.410556,7.0,R
694,How the Grinch Stole Christmas,Comedy,Ron Howard,2000,222.141403,5.7,PG
695,Grindhouse,Horror,Robert Rodriguez,2007,-2.812211,7.9,R
696,Get Rich or Die Tryin',Drama,Jim Sheridan,2005,6.437122,4.0,R
697,Wallace & Gromit: The Curse of the Were-Rabbit,Adventure,Nick Park,2005,155.724838,7.9,G
698,Veronica Guerin,Drama,Joel Schumacher,2003,-7.561926,6.8,R
699,Ghost World,Comedy,Terry Zwigoff,2001,3.264007,7.7,R
700,Halloween 2,Horror,Rob Zombie,2009,23.51285,4.5,R
701,Hairspray,Musical,Adam Shankman,2007,127.823091,7.2,PG
702,Hancock,Action,Peter Berg,2008,474.346274,6.5,PG-13
703,The Happening,Thriller/Suspense,M. Night Shyamalan,2008,103.403799,5.2,R
704,The House Bunny,Comedy,Fred Wolf,2008,45.237389,5.5,PG-13
705,The Devil's Rejects,Horror,Rob Zombie,2005,13.940428,6.9,R
706,"House of 1,000 Corpses",Horror,Rob Zombie,2003,9.829545,5.5,R
707,The House of the Dead,Horror,Uwe Boll,2003,6.767816,6.5,R
708,Hidalgo,Western,Joe Johnston,2004,29.336658,6.6,PG-13
709,Head of State,Comedy,Chris Rock,2003,3.083765,5.1,PG-13
710,He Got Game,Drama,Spike Lee,1998,-3.432147,6.8,R
711,Heist,Action,David Mamet,2001,-6.516832,3.2,R
712,Hellboy 2: The Golden Army,Action,Guillermo Del Toro,2008,77.888063,7.3,PG-13
713,Hellboy,Action,Guillermo Del Toro,2004,39.823958,6.8,PG-13
714,Raising Helen,Comedy,Garry Marshall,2004,-6.659698,5.7,PG-13
715,Head Over Heels,Romantic Comedy,Mark Waters,2001,-3.602635,4.8,PG-13
716,The Haunting,Horror,Jan De Bont,1999,100.188905,4.6,PG-13
717,High Crimes,Thriller/Suspense,Carl Franklin,2002,21.7811,6.1,PG-13
718,High Fidelity,Comedy,Stephen Frears,2000,27.881663,7.6,R
719,A History of Violence,Drama,David Cronenberg,2005,27.993782,7.6,R
720,Hitch,Romantic Comedy,Andy Tennant,2005,311.784257,5.7,PG-13
721,The Hills Have Eyes,Horror,Alexandre Aja,2006,52.623713,6.5,R
722,Halloween: Resurrection,Horror,Rick Rosenthal,2002,22.659652,3.9,R
723,Holy Man,Comedy,Stephen Herek,1998,-47.930281,4.7,PG
724,Milk,Drama,Gus Van Sant,2008,30.164027,3.6,R
725,Hamlet 2,Comedy,Andrew Fleming,2008,-4.101715,6.4,R
726,Hannibal Rising,Thriller/Suspense,Peter Webber,2007,30.583311,6.0,R
727,The Hangover,Comedy,Todd Phillips,2009,430.132119,7.9,R
728,The Hoax,Drama,Lasse Hallstrom,2007,-17.835005,6.9,R
729,Holes,Drama,Andrew Davis,2003,52.383924,7.1,PG
730,The Holiday,Romantic Comedy,Nancy Meyers,2006,120.190324,6.9,PG-13
731,Hollow Man,Horror,Paul Verhoeven,2000,101.2,5.5,R
732,Honey,Drama,Bille Woodruff,2003,44.192232,4.6,PG-13
733,The Honeymooners,Comedy,John Schultz,2005,-13.825574,2.6,PG-13
734,Hope Floats,Drama,Forest Whitaker,1998,51.529,5.3,PG-13
735,Hostel: Part II,Horror,Eli Roth,2007,26.106409,5.4,R
736,Hostel,Horror,Eli Roth,2006,75.778934,5.7,R
737,The Hours,Drama,Stephen Daldry,2002,83.775994,7.6,PG-13
738,Bringing Down the House,Comedy,Adam Shankman,2003,144.675402,5.4,PG-13
739,Harry Potter and the Chamber of Secrets,Adventure,Chris Columbus,2002,778.98788,7.2,PG
740,Harry Potter and the Prisoner of Azkaban,Adventure,Alfonso Cuaron,2004,665.538952,7.7,PG
741,Harry Potter and the Goblet of Fire,Adventure,Mike Newell,2005,746.013036,7.6,PG-13
742,Harry Potter and the Order of the Phoenix,Adventure,David Yates,2007,788.468864,7.4,PG-13
743,Harry Potter and the Half-Blood Prince,Adventure,David Yates,2009,687.499905,7.3,PG
744,Harry Potter and the Sorcerer's Stone,Adventure,Chris Columbus,2001,851.457891,7.2,PG
745,Happy Feet,Adventure,George Miller,2006,300.000317,6.7,PG
746,Hardball,Drama,Brian Robbins,2001,23.102389,4.1,PG-13
747,The Horse Whisperer,Drama,Robert Redford,1998,15.383563,6.3,PG-13
748,Hot Fuzz,Comedy,Edgar Wright,2007,63.197493,8.0,R
749,Hulk,Action,Ang Lee,2003,108.36048,5.7,PG-13
750,The Incredible Hulk,Adventure,Louis Leterrier,2008,125.849257,7.1,PG-13
751,The Hunchback of Notre Dame,Adventure,Gary Trousdale,1996,225.5,6.5,G
752,The Hunted,Action,William Friedkin,2003,-9.983506,5.8,R
753,The Hurt Locker,Drama,Kathryn Bigelow,2009,29.468574,7.8,R
754,Starsky & Hutch,Comedy,Todd Phillips,2004,110.200225,6.2,PG-13
755,Hollywood Ending,Romantic Comedy,Woody Allen,2002,-1.160617,6.3,PG-13
756,Hollywood Homicide,Action,Ron Shelton,2003,-23.892215,5.2,PG-13
757,Ice Age: The Meltdown,Adventure,Carlos Saldanha,2006,576.899282,6.9,PG
758,Ice Age: Dawn of the Dinosaurs,Adventure,Carlos Saldanha,2009,796.685941,7.1,PG
759,Ice Age,Adventure,Chris Wedge,2002,318.257136,7.4,PG
760,The Ice Storm,Drama,Ang Lee,1997,-1.988025,7.5,R
761,Identity,Thriller/Suspense,James Mangold,2003,62.231264,7.3,R
762,"I Love You, Beth Cooper",Comedy,Chris Columbus,2009,-1.617462,5.9,PG-13
763,The Imaginarium of Doctor Parnassus,Adventure,Terry Gilliam,2009,28.692979,7.1,PG-13
764,Imagine That,Comedy,Karey Kirkpatrick,2009,-38.876677,5.4,PG
765,Inception,Thriller/Suspense,Christopher Nolan,2010,593.83028,9.1,PG-13
766,In the Cut,Thriller/Suspense,Jane Campion,2003,11.693646,5.2,R
767,Indiana Jones and the Kingdom of the Crystal Skull,Adventure,Steven Spielberg,2008,601.558145,6.6,PG-13
768,In Dreams,Horror,Neil Jordan,1999,-17.982631,5.3,R
769,The Informant,Thriller/Suspense,Steven Soderbergh,2009,19.771168,6.2,R
770,Inkheart,Adventure,Iain Softley,2009,-1.948546,6.1,PG
771,In & Out,Comedy,Frank Oz,1997,48.226569,6.1,PG-13
772,I Now Pronounce You Chuck and Larry,Comedy,Dennis Dugan,2007,100.708462,6.1,PG-13
773,Inside Man,Thriller/Suspense,Spike Lee,2006,134.634237,7.7,R
774,The Insider,Drama,Michael Mann,1999,-7.734803,8.0,R
775,Insomnia,Thriller/Suspense,Christopher Nolan,2002,67.622499,6.3,R
776,Instinct,Drama,Jon Turteltaub,1999,-20.894793,6.2,R
777,The Invention of Lying,Comedy,Ricky Gervais,2009,14.179264,6.5,PG-13
778,Iron Man 2,Adventure,Jon Favreau,2010,452.128345,7.3,PG-13
779,Iron Man,Action,Jon Favreau,2008,396.604126,7.9,PG-13
780,The Iron Giant,Adventure,Brad Bird,1999,-18.666083,7.9,PG
781,The Island,Action,Michael Bay,2005,43.018913,6.9,PG-13
782,Isn't She Great,Comedy,Andrew Bergman,2000,-33.045595,4.9,R
783,I Spy,Action,Betty Thomas,2002,-36.438863,5.3,PG-13
784,The Italian Job,Adventure,F. Gary Gray,2003,115.826012,6.9,PG-13
785,I Think I Love My Wife,Romantic Comedy,Chris Rock,2007,-0.794589,5.5,R
786,Jackie Brown,Drama,Quentin Tarantino,1997,60.673162,7.6,R
787,The Jackal,Thriller/Suspense,Michael Caton-Jones,1997,99.356941,6.0,R
788,Jarhead,Drama,Sam Mendes,2005,24.94754,7.2,R
789,The World is Not Enough,Action,Michael Apted,1999,226.73066,6.3,PG-13
790,Die Another Day,Action,Lee Tamahori,2002,289.942139,6.0,PG-13
791,Casino Royale,Action,Martin Campbell,2006,494.365,8.0,PG-13
792,Quantum of Solace,Action,Marc Forster,2008,346.368427,6.8,PG-13
793,Joe Dirt,Comedy,Dennie Gordon,2001,14.987695,5.4,PG-13
794,The Curse of the Jade Scorpion,Comedy,Woody Allen,2001,-7.503478,6.7,PG-13
795,Jersey Girl,Comedy,Kevin Smith,2004,2.066129,6.2,PG-13
796,Jackpot,Drama,Michael Polish,2001,-0.355548,5.7,R
797,Just Like Heaven,Romantic Comedy,Mark Waters,2005,42.687083,6.8,PG-13
798,Just My Luck,Romantic Comedy,Donald Petrie,2006,10.32665,5.0,PG-13
799,Joe Somebody,Comedy,John Pasquin,2001,-13.48401,5.3,PG
800,John Q,Drama,Nick Cassavetes,2002,66.226631,6.6,PG-13
801,Joy Ride,Thriller/Suspense,John Dahl,2001,-1.026818,5.4,R
802,Jerry Maguire,Romantic Comedy,Cameron Crowe,1996,224.0,7.2,R
803,Jay and Silent Bob Strike Back,Comedy,Kevin Smith,2001,11.7624,6.8,R
804,Julie & Julia,Comedy,Nora Ephron,2009,86.646119,7.2,PG-13
805,Jumper,Adventure,Doug Liman,2008,139.617068,5.9,PG-13
806,Juno,Comedy,Jason Reitman,2007,223.327671,7.9,PG-13
807,Jurassic Park 3,Action,Joe Johnston,2001,272.9,7.9,PG-13
808,Just Married,Romantic Comedy,Shawn Levy,2003,37.127162,5.1,PG-13
809,Freddy vs. Jason,Horror,Ronny Yu,2003,89.326122,5.8,R
810,K-19: The Widowmaker,Action,Kathryn Bigelow,2002,-24.283874,6.5,PG-13
811,Kate and Leopold,Romantic Comedy,James Mangold,2001,22.937778,6.2,PG-13
812,Kick-Ass,Action,Matthew Vaughn,2010,48.252166,8.1,R
813,The Original Kings of Comedy,Concert/Performance,Spike Lee,2000,35.236338,6.2,R
814,Kiss of the Dragon,Action,Chris Nahon,2001,11.833473,6.3,R
815,Kill Bill: Volume 2,Action,Quentin Tarantino,2004,95.90792,8.0,R
816,Kill Bill: Volume 1,Action,Quentin Tarantino,2003,125.098138,8.2,R
817,Kingdom of Heaven,Adventure,Ridley Scott,2005,101.398413,7.1,R
818,Kinsey,Drama,Bill Condon,2004,2.000959,7.2,R
819,King Kong,Adventure,Peter Jackson,2005,343.517357,7.6,PG-13
820,Knocked Up,Romantic Comedy,Judd Apatow,2007,191.494109,7.5,R
821,Knight and Day,Action,James Mangold,2010,111.937227,6.6,PG-13
822,The Kingdom,Action,Peter Berg,2007,14.009602,7.1,R
823,Knowing,Thriller/Suspense,Alex Proyas,2009,137.858642,6.4,PG-13
824,K-PAX,Drama,Iain Softley,2001,2.31514,7.3,PG-13
825,King's Ransom,Comedy,Jeffrey W. Byrd,2005,-20.950473,3.5,PG-13
826,The Kite Runner,Drama,Marc Forster,2007,53.222245,7.8,PG-13
827,Kundun,Drama,Martin Scorsese,1997,-22.313306,7.0,PG-13
828,Kung Pow: Enter the Fist,Comedy,Steve Oedekerk,2002,6.033556,5.7,PG-13
829,L.A. Confidential,Drama,Curtis Hanson,1997,75.604977,8.4,R
830,Law Abiding Citizen,Thriller/Suspense,F. Gary Gray,2009,60.190972,7.2,R
831,Ladder 49,Action,Jay Russell,2004,42.332848,6.5,PG-13
832,The Ladykillers,Comedy,Joel Coen,2004,42.692139,6.2,R
833,Lady in the Water,Drama,M. Night Shyamalan,2006,-2.214831,5.8,PG-13
834,Lakeview Terrace,Thriller/Suspense,Neil LaBute,2008,24.263506,6.3,PG-13
835,Land of the Lost,Comedy,Brad Silberling,2009,-30.451359,5.3,PG-13
836,Layer Cake,Thriller/Suspense,Matthew Vaughn,2005,5.350214,7.4,R
837,Little Children,Drama,Todd Field,2006,0.763019,7.8,R
838,I am Legend,Horror,Francis Lawrence,2007,435.055701,7.1,PG-13
839,Leatherheads,Romantic Comedy,George Clooney,2008,-17.169138,6.1,PG-13
840,Letters from Iwo Jima,Drama,Clint Eastwood,2006,55.756082,8.1,R
841,Last Holiday,Comedy,Wayne Wang,2006,-1.656753,6.3,PG-13
842,The Hurricane,Drama,Norman Jewison,1999,35.956241,7.4,R
843,Liar Liar,Comedy,Tom Shadyac,1997,257.710615,6.7,PG-13
844,The Life Aquatic with Steve Zissou,Comedy,Wes Anderson,2004,-15.193274,7.2,R
845,The Life of David Gale,Thriller/Suspense,Alan Parker,2003,-21.079812,7.3,R
846,Life,Comedy,Ted Demme,1999,-1.478413,5.3,R
847,Like Mike,Comedy,John Schultz,2002,32.432423,4.4,PG
848,Limbo,Drama,John Sayles,1999,-6.283313,6.9,R
849,Living Out Loud,Drama,Richard LaGravenese,1998,0.905901,6.5,R
850,The Last King of Scotland,Drama,Kevin MacDonald,2006,42.363516,7.8,R
851,Lolita,Drama,Adrian Lyne,1998,-53.852216,6.7,R
852,Lions for Lambs,Drama,Robert Redford,2007,28.211088,6.2,R
853,How to Lose a Guy in 10 Days,Romantic Comedy,Donald Petrie,2003,127.079973,6.1,PG-13
854,Loser,Romantic Comedy,Amy Heckerling,2000,-1.749894,5.0,R
855,The Lost City,Drama,Andy Garcia,2006,-5.949698,6.6,R
856,Lost In Space,Adventure,Stephen Hopkins,1998,56.117629,4.8,PG-13
857,Love and Basketball,Drama,Gina Prince-Bythewood,2000,12.709625,6.7,PG-13
858,The Lord of the Rings: The Two Towers,Adventure,Peter Jackson,2002,832.284377,8.7,PG-13
859,The Lord of the Rings: The Return of the King,Adventure,Peter Jackson,2003,1039.027325,8.8,PG-13
860,The Lord of the Rings: The Fellowship of the Ring,Adventure,Peter Jackson,2001,759.621686,8.8,PG-13
861,Lord of War,Action,Andrew Niccol,2005,20.142629,7.7,R
862,Lonesome Jim,Comedy,Steve Buscemi,2006,-0.345813,6.7,R
863,The Last Samurai,Action,Edward Zwick,2003,336.810575,7.8,R
864,Lost in Translation,Drama,Sofia Coppola,2003,102.454,7.9,R
865,Last Orders,Drama,Fred Schepisi,2002,-9.673593,7.0,R
866,The Lost World: Jurassic Park,Action,Steven Spielberg,1997,711.686679,6.0,PG-13
867,License to Wed,Romantic Comedy,Ken Kwapis,2007,35.799818,5.1,PG
868,Looney Tunes: Back in Action,Comedy,Joe Dante,2003,-25.459338,6.0,PG
869,Lethal Weapon 4,Action,Richard Donner,1998,145.4,6.4,R
870,Little Man,Comedy,Keenen Ivory Wayans,2006,37.636047,5.7,PG-13
871,Lucky You,Drama,Curtis Hanson,2007,-48.478171,5.9,PG-13
872,Se jie,Drama,Ang Lee,2007,50.696051,7.6,NC-17
873,The Lovely Bones,Drama,Peter Jackson,2009,29.702568,6.6,PG-13
874,Herbie: Fully Loaded,Comedy,Angela Robinson,2005,94.110682,4.7,G
875,For Love of the Game,Drama,Sam Raimi,1999,-3.88736,6.2,PG-13
876,Leaves of Grass,Black Comedy,Tim Blake Nelson,2010,-8.979013,6.9,R
877,Love Ranch,Drama,Taylor Hackford,2010,-24.865096,5.6,R
878,The Longest Yard,Comedy,Peter Segal,2005,108.320568,6.2,PG-13
879,Mad City,Drama,Costa-Gavras,1997,-39.438962,6.1,PG-13
880,Madagascar: Escape 2 Africa,Comedy,Eric Darnell,2008,449.516844,6.8,PG
881,Madagascar,Adventure,Eric Darnell,2005,457.680671,6.6,PG
882,Jane Austen's Mafia,Comedy,Jim Abrahams,1998,20.143795,5.0,PG-13
883,Paul Blart: Mall Cop,Comedy,Steve Carr,2009,154.44967,5.3,PG
884,A Man Apart,Action,F. Gary Gray,2003,8.114828,5.7,R
885,Man on Fire,Thriller/Suspense,Tony Scott,2004,58.706816,7.7,R
886,Man of the House,Comedy,Stephen Herek,2005,-27.900294,4.2,PG-13
887,Man on the Moon,Drama,Milos Forman,1999,-4.592365,7.4,R
888,The Man Who Knew Too Little,Comedy,Jon Amiel,1997,-6.198245,6.3,PG
889,Marci X,Comedy,Richard Benjamin,2003,-18.353336,2.4,R
890,The Matrix,Action,Andy Wachowski,1999,395.27993,8.7,R
891,Max Keeble's Big Move,Comedy,Tim Hill,2001,5.292381,5.1,PG
892,Vicky Cristina Barcelona,Comedy,Woody Allen,2008,61.213577,7.4,PG-13
893,My Big Fat Greek Wedding,Romantic Comedy,Joel Zwick,2002,363.744044,6.6,PG
894,My Best Friend's Girl,Comedy,Howard Deutch,2008,14.787111,5.8,R
895,Meet the Browns,Comedy,Tyler Perry,2008,21.975388,3.1,PG-13
896,The Manchurian Candidate,Thriller/Suspense,Jonathan Demme,2004,16.148711,6.7,R
897,Michael Clayton,Drama,Tony Gilroy,2007,71.487651,7.5,R
898,Master and Commander: The Far Side of the World,Adventure,Peter Weir,2003,74.486484,7.5,PG-13
899,Meet Dave,Comedy,Brian Robbins,2008,-9.351194,4.8,PG
900,Million Dollar Baby,Drama,Clint Eastwood,2004,186.763646,8.2,PG-13
901,Madea Goes To Jail,Comedy,Tyler Perry,2009,73.008336,3.1,PG-13
902,Made of Honor,Romantic Comedy,Paul Weiland,2008,65.508112,5.5,PG-13
903,Mean Girls,Comedy,Mark Waters,2004,110.947227,7.0,PG-13
904,"Me, Myself & Irene",Romantic Comedy,Bobby Farrelly,2000,98.270999,6.9,R
905,Memoirs of a Geisha,Drama,Rob Marshall,2005,76.510853,7.1,PG-13
906,Men in Black,Adventure,Barry Sonnenfeld,1997,497.790539,7.0,PG-13
907,Memento,Drama,Christopher Nolan,2001,34.66595,8.7,R
908,Mercury Rising,Thriller/Suspense,Harold Becker,1998,-27.016668,5.8,R
909,Meet Joe Black,Drama,Martin Brest,1998,-40.349997,6.9,PG-13
910,Magnolia,Drama,Paul Thomas Anderson,1999,11.446802,8.0,R
911,The Men Who Stare at Goats,Black Comedy,Grant Heslov,2009,43.348218,6.4,R
912,Men in Black 2,Action,Barry Sonnenfeld,2002,301.818803,7.4,PG-13
913,Miss Congeniality 2: Armed and Fabulous,Comedy,John Pasquin,2005,41.382396,4.7,PG-13
914,Mission: Impossible 2,Action,John Woo,2000,426.209889,6.9,PG-13
915,Mission: Impossible III,Action,J.J. Abrams,2006,247.501348,6.9,PG-13
916,Miss Congeniality,Comedy,Donald Petrie,2000,167.1,6.1,PG-13
917,The Missing,Western,Ron Howard,2003,-26.746567,7.4,R
918,The Majestic,Drama,Frank Darabont,2001,-34.693666,6.8,PG
919,Mission to Mars,Adventure,Brian De Palma,2000,16.0,5.1,PG
920,Mumford,Comedy,Lawrence Kasdan,1999,-24.140431,6.7,R
921,Mindhunters,Thriller/Suspense,Renny Harlin,2005,-10.433765,6.2,R
922,Captain Corelli's Mandolin,Drama,John Madden,2001,5.097495,5.7,R
923,Manderlay,Drama,Lars Von Trier,2006,-13.656694,7.4,Not Rated
924,Midnight in the Garden of Good and Evil,Drama,Clint Eastwood,1997,-9.921063,6.5,R
925,Monster-in-Law,Comedy,Robert Luketic,2005,110.931301,5.1,PG-13
926,Moonlight Mile,Drama,Brad Silberling,2002,-14.169043,6.7,PG-13
927,Mona Lisa Smile,Drama,Mike Newell,2003,56.598309,6.1,PG-13
928,Monster's Ball,Drama,Marc Forster,2001,40.873922,7.2,R
929,Monster House,Adventure,Gil Kenan,2006,65.16101,6.8,PG
930,Mononoke-hime,Adventure,Hayao Miyazaki,1999,130.35,8.3,PG-13
931,Monsoon Wedding,Comedy,Mira Nair,2002,12.676974,7.2,R
932,"Monsters, Inc.",Adventure,David Silverman,2001,411.86433,7.4,G
933,Money Talks,Action,Brett Ratner,1997,16.076865,5.7,R
934,Welcome to Mooseport,Comedy,Donald Petrie,2004,-11.530572,5.2,PG-13
935,Moulin Rouge,Musical,Baz Luhrmann,2001,126.213196,7.3,PG-13
936,Me and Orson Welles,Drama,Richard Linklater,2009,-23.809997,7.1,PG-13
937,Meet the Fockers,Comedy,Jay Roach,2004,456.567575,6.4,PG-13
938,Meet the Parents,Comedy,Jay Roach,2000,246.5,7.0,PG-13
939,Minority Report,Action,Steven Spielberg,2002,256.824714,7.7,PG-13
940,Mr. Nice Guy,Action,Sammo Hung Kam-Bo,1998,25.716953,5.2,PG-13
941,Mrs. Henderson Presents,Comedy,Stephen Frears,2005,-5.533634,7.1,R
942,Miracle at St. Anna,Drama,Spike Lee,2008,-35.889542,5.9,R
943,Mouse Hunt,Comedy,Gore Verbinski,1997,23.894591,6.1,PG
944,Masked and Anonymous,Drama,Larry Charles,2003,-6.966656,5.3,PG-13
945,Miss Potter,Drama,Chris Noonan,2006,5.025861,7.1,PG
946,Meet the Spartans,Comedy,Jason Friedberg,2008,54.646831,2.4,PG-13
947,"Mystery, Alaska",Comedy,Jay Roach,1999,-19.108377,5.5,R
948,Match Point,Thriller/Suspense,Woody Allen,2005,72.989926,7.8,R
949,A Mighty Heart,Drama,Michael Winterbottom,2007,3.932117,6.7,R
950,The Matrix Reloaded,Action,Andy Wachowski,2003,611.576929,7.1,R
951,The Matrix Revolutions,Action,Andy Wachowski,2003,314.259759,6.5,R
952,Mulholland Drive,Drama,David Lynch,2001,-3.080422,7.9,R
953,The Mummy,Adventure,Stephen Sommers,1999,336.385488,6.8,PG-13
954,The Mummy Returns,Adventure,Stephen Sommers,2001,335.00764,6.2,PG-13
955,The Mummy: Tomb of the Dragon Emperor,Adventure,Rob Cohen,2008,222.912118,5.1,PG-13
956,Munich,Drama,Steven Spielberg,2005,55.27909,7.8,R
957,Muppets From Space,Comedy,Tim Hill,1999,-7.695214,6.1,G
958,Murder by Numbers,Thriller/Suspense,Barbet Schroeder,2002,6.643267,5.9,R
959,The Muse,Comedy,Albert Brooks,1999,-3.385046,5.5,PG-13
960,Night at the Museum,Comedy,Shawn Levy,2006,464.480841,6.4,PG
961,The Musketeer,Adventure,Peter Hyams,2001,-12.946185,4.4,PG-13
962,The Merchant of Venice,Drama,Michael Radford,2004,-11.234415,7.1,R
963,Miami Vice,Action,Michael Mann,2006,28.818556,6.0,R
964,Monsters vs. Aliens,Adventure,Rob Letterman,2009,206.68738,6.8,PG
965,A Mighty Wind,Comedy,Christopher Guest,2003,12.552708,7.2,PG-13
966,The Mexican,Action,Gore Verbinski,2001,107.808615,5.9,R
967,My Best Friend's Wedding,Comedy,P.J. Hogan,1997,241.2,6.2,PG-13
968,My Dog Skip,Drama,Jay Russell,2000,28.51276,6.9,PG
969,My Favorite Martian,Comedy,Donald Petrie,1999,-23.149899,4.5,PG
970,My Fellow Americans,Comedy,Peter Segal,1996,0.831846,6.3,PG-13
971,My Sister's Keeper,Drama,Nick Cassavetes,2009,61.553995,7.4,PG-13
972,Mystic River,Drama,Clint Eastwood,2003,126.835191,8.0,R
973,Nacho Libre,Comedy,Jared Hess,2006,67.197993,5.7,PG
974,Narc,Thriller/Suspense,Joe Carnahan,2002,2.965659,7.3,R
975,The Chronicles of Narnia: Prince Caspian,Adventure,Andrew Adamson,2008,194.490286,6.9,PG
976,National Treasure,Adventure,Jon Turteltaub,2004,247.405002,6.9,PG
977,The Nativity Story,Drama,Catherine Hardwicke,2006,11.432264,6.6,PG
978,No Country for Old Men,Action,Joel Coen,2007,137.103209,8.3,R
979,The Incredibles,Adventure,Brad Bird,2004,540.882184,8.1,PG
980,The Negotiator,Action,F. Gary Gray,1998,-0.894234,7.2,R
981,Not Easily Broken,Drama,Bill Duke,2009,5.572742,5.2,PG-13
982,The Newton Boys,Drama,Richard Linklater,1998,-16.658907,5.7,PG-13
983,The Next Best Thing,Drama,John Schlesinger,2000,-0.644238,4.4,PG-13
984,Northfork,Drama,Michael Polish,2003,-0.45486,6.3,PG-13
985,In Good Company,Comedy,Paul Weitz,2004,37.489752,6.8,PG-13
986,Ninja Assassin,Action,James McTeigue,2009,7.422883,6.3,R
987,The Ninth Gate,Thriller/Suspense,Roman Polanski,2000,20.394308,6.6,R
988,Lucky Numbers,Comedy,Nora Ephron,2000,-54.985766,4.9,R
989,Night at the Museum: Battle of the Smithsonian,Comedy,Shawn Levy,2009,263.054631,5.9,PG
990,Nick and Norah's Infinite Playlist,Drama,Peter Sollett,2008,21.487293,6.8,PG-13
991,The Notebook,Drama,Nick Cassavetes,2004,72.276787,8.0,PG-13
992,Napoleon Dynamite,Comedy,Jared Hess,2004,45.740956,6.9,PG
993,The Namesake,Drama,Mira Nair,2007,11.680109,7.5,PG-13
994,Intolerable Cruelty,Romantic Comedy,Joel Coen,2003,61.327628,6.4,PG-13
995,The Interpreter,Thriller/Suspense,Sydney Pollack,2005,73.954076,6.5,PG-13
996,The Number 23,Thriller/Suspense,Joel Schumacher,2007,44.593167,6.2,R
997,Nurse Betty,Black Comedy,Neil LaBute,2000,3.732366,6.4,R
998,Nutty Professor II: The Klumps,Comedy,Peter Segal,2000,77.6,4.3,PG-13
999,Finding Neverland,Drama,Marc Forster,2004,93.676606,7.9,PG
1000,Into the Wild,Drama,Sean Penn,2007,33.813837,8.2,R
1001,The New World,Adventure,Terrence Malick,2005,-3.8156,6.9,PG-13
1002,Nochnoy dozor,Action,Timur Bekmambetov,2006,29.72355,6.5,Not Rated
1003,Ocean's Eleven,Comedy,Steven Soderbergh,2001,340.728529,7.6,PG-13
1004,Ocean's Twelve,Adventure,Steven Soderbergh,2004,278.531634,6.0,PG-13
1005,Ocean's Thirteen,Adventure,Steven Soderbergh,2007,226.744465,6.9,PG-13
1006,Office Space,Black Comedy,Mike Judge,1999,2.827813,7.9,R
1007,Any Given Sunday,Drama,Oliver Stone,1999,40.230832,6.6,R
1008,Once in a Lifetime: the Extraordinary Story of the New York Cosmos,Documentary,Matt Dillon,2006,-0.793649,7.1,PG-13
1009,One True Thing,Drama,Carl Franklin,1998,-3.291804,6.9,R
1010,One Night with the King,Drama,Michael O. Sajbel,2006,-6.604039,6.0,PG
1011,Open Range,Western,Kevin Costner,2003,42.293719,7.5,R
1012,Orgazmo,Comedy,Trey Parker,1998,-0.372713,6.0,NC-17
1013,Old School,Comedy,Todd Phillips,2003,62.325829,7.0,R
1014,Osmosis Jones,Comedy,Bobby Farrelly,2001,-56.403089,6.0,PG
1015,American Outlaws,Western,Les Mayfield,2001,-21.735014,5.6,PG-13
1016,Oliver Twist,Drama,Roman Polanski,2005,-38.32908,7.0,PG-13
1017,Out of Sight,Drama,Steven Soderbergh,1998,-10.437432,7.1,R
1018,Out of Time,Thriller/Suspense,Carl Franklin,2003,5.489826,4.9,PG-13
1019,The Pacifier,Comedy,Adam Shankman,2005,142.00688,5.3,PG
1020,El Laberinto del Fauno,Horror,Guillermo Del Toro,2006,67.234615,8.4,R
1021,The Passion of the Christ,Drama,Mel Gibson,2004,586.89942,7.1,R
1022,Patch Adams,Comedy,Tom Shadyac,1998,152.2,6.3,PG-13
1023,Paycheck,Thriller/Suspense,John Woo,2003,29.350576,6.1,PG-13
1024,The Princess Diaries 2: Royal Engagement,Romantic Comedy,Garry Marshall,2004,77.071435,5.3,G
1025,The Princess Diaries,Comedy,Garry Marshall,2001,135.334774,5.9,G
1026,The Peacemaker,Action,Mimi Leder,1997,12.967368,5.8,R
1027,Peter Pan,Adventure,P.J. Hogan,2003,-4.744515,7.1,PG
1028,A Perfect Getaway,Thriller/Suspense,David Twohy,2009,6.613298,6.5,R
1029,The Phantom of the Opera,Musical,Joel Schumacher,2004,103.225796,7.2,PG-13
1030,Phone Booth,Thriller/Suspense,Joel Schumacher,2003,86.837138,7.2,R
1031,The Pianist,Drama,Roman Polanski,2002,85.0,8.5,R
1032,The Pink Panther,Comedy,Shawn Levy,2006,78.926474,5.1,PG
1033,Pirates of the Caribbean: The Curse of the Black Pearl,Adventure,Gore Verbinski,2003,530.011224,8.0,PG-13
1034,Pirates of the Caribbean: Dead Man's Chest,Adventure,Gore Verbinski,2006,840.659812,7.3,PG-13
1035,Pirates of the Caribbean: At World's End,Adventure,Gore Verbinski,2007,660.996492,7.0,PG-13
1036,The Chronicles of Riddick,Adventure,David Twohy,2004,-12.787249,6.4,PG-13
1037,Pitch Black,Horror,David Twohy,2000,30.182088,7.0,R
1038,Play it to the Bone,Comedy,Ron Shelton,1999,-15.572796,5.1,R
1039,Percy Jackson & the Olympians: The Lightning Thief,Adventure,Chris Columbus,2010,131.435277,5.8,PG
1040,"Paris, je t'aime",Drama,Gurinder Chadha,2007,-8.142626,6.6,R
1041,Lake Placid,Thriller/Suspense,Steve Miner,1999,4.770413,5.3,R
1042,The Pledge,Drama,Sean Penn,2001,-15.593868,6.9,R
1043,Proof of Life,Action,Taylor Hackford,2000,-2.238995,6.1,R
1044,Pollock,Drama,Ed Harris,2000,4.557291,7.1,R
1045,Planet of the Apes,Adventure,Tim Burton,2001,262.21174,5.5,PG-13
1046,Paranormal Activity,Horror,Oren Peli,2009,193.755453,6.7,R
1047,Pinocchio,Adventure,Roberto Benigni,2002,-13.318189,3.5,G
1048,The Polar Express,Adventure,Robert Zemeckis,2004,135.420597,6.7,G
1049,Poseidon,Adventure,Wolfgang Petersen,2006,21.674817,5.6,PG-13
1050,Possession,Drama,Neil LaBute,2002,-10.194188,6.4,PG-13
1051,Practical Magic,Comedy,Griffin Dunne,1998,8.336997,5.5,PG-13
1052,The Devil Wears Prada,Comedy,David Frankel,2006,291.551094,6.8,PG-13
1053,Primary Colors,Comedy,Mike Nichols,1998,-25.982016,6.7,R
1054,Precious (Based on the Novel Push by Sapphire),Drama,Lee Daniels,2009,53.471431,7.5,R
1055,Pride and Prejudice,Drama,Joe Wright,2005,92.918508,5.5,PG
1056,Perfume: The Story of a Murderer,Drama,Tom Tykwer,2006,68.480323,7.5,R
1057,The Prince & Me,Romantic Comedy,Martha Coolidge,2004,-0.643243,5.6,PG
1058,The Pursuit of Happyness,Drama,Gabriele Muccino,2006,251.086036,7.8,PG-13
1059,Pearl Harbor,Action,Michael Bay,2001,297.739855,5.4,PG-13
1060,The Prince of Egypt,Adventure,Steve Hickner,1998,158.6,6.8,PG
1061,Proof,Drama,John Madden,2005,-11.715669,6.9,PG-13
1062,Panic Room,Thriller/Suspense,David Fincher,2002,148.308367,6.9,R
1063,The Proposal,Romantic Comedy,Anne Fletcher,2009,277.358031,5.4,PG-13
1064,The Prestige,Thriller/Suspense,Christopher Nolan,2006,67.896006,8.4,PG-13
1065,The Postman,Action,Kevin Costner,1997,-62.349296,5.5,R
1066,Psycho,Horror,Gus Van Sant,1998,17.226218,4.5,R
1067,The Patriot,Drama,Roland Emmerich,2000,105.3,6.9,R
1068,Public Enemies,Drama,Michael Mann,2009,107.879983,7.1,R
1069,Punch-Drunk Love,Comedy,Paul Thomas Anderson,2002,-0.408969,7.4,R
1070,Pushing Tin,Comedy,Mike Newell,1999,-24.591165,5.9,R
1071,Pay it Forward,Drama,Mimi Leder,2000,-6.491078,6.8,PG-13
1072,The Quiet American,Drama,Phillip Noyce,2002,-7.012353,7.2,R
1073,Quarantine,Horror,John Erick Dowdle,2008,24.091811,6.1,R
1074,The Queen,Drama,Stephen Frears,2006,107.840603,7.6,PG-13
1075,Rabbit-Proof Fence,Drama,Phillip Noyce,2002,9.1996,7.6,PG
1076,The Rainmaker,Drama,Francis Ford Coppola,1997,5.916769,6.9,PG-13
1077,Rambo,Action,Sylvester Stallone,2008,69.254105,7.3,R
1078,Random Hearts,Drama,Sydney Pollack,1999,-0.8,4.8,R
1079,Ratatouille,Comedy,Brad Bird,2007,470.495432,8.1,G
1080,BloodRayne,Action,Uwe Boll,2006,-22.59458,2.7,R
1081,Rollerball,Action,John McTiernan,2002,-44.147492,2.8,PG-13
1082,Robin Hood,Action,Ridley Scott,2010,100.885538,6.9,PG-13
1083,Robots,Adventure,Chris Wedge,2005,180.700012,6.4,PG
1084,Runaway Bride,Romantic Comedy,Garry Marshall,1999,238.007919,5.2,PG
1085,Rocky Balboa,Drama,Sylvester Stallone,2006,131.720088,7.4,PG
1086,The Road to El Dorado,Adventure,David Silverman,2000,-29.3,6.4,PG
1087,Red Dragon,Thriller/Suspense,Brett Ratner,2002,128.45542,7.3,R
1088,The Reader,Drama,Stephen Daldry,2008,73.10761,7.7,R
1089,The Reaping,Horror,Stephen Hopkins,2007,22.226214,5.6,R
1090,Rebound,Comedy,Steve Carr,2005,-27.507986,4.7,PG
1091,Redacted,Drama,Brian De Palma,2007,-4.934612,6.1,R
1092,Red-Eye,Thriller/Suspense,Wes Craven,2005,69.891803,6.5,PG-13
1093,Reign Over Me,Drama,Mike Binder,2007,0.081987,7.7,R
1094,The Relic,Horror,Peter Hyams,1997,-26.043392,5.4,R
1095,Religulous,Documentary,Larry Charles,2008,10.636074,7.8,R
1096,"Remember Me, My Love",Comedy,Gabriele Muccino,2004,-6.476122,7.0,Not Rated
1097,Rent,Musical,Chris Columbus,2005,-8.32938,6.9,PG-13
1098,The Replacements,Comedy,Howard Deutch,2000,0.054511,6.2,PG-13
1099,The Replacement Killers,Action,Antoine Fuqua,1998,-10.964259,5.9,R
1100,Resident Evil: Extinction,Action,Russell Mulcahy,2007,101.16292,6.2,R
1101,Resident Evil,Horror,Paul Anderson,2002,68.787401,6.4,R
1102,Revolutionary Road,Drama,Sam Mendes,2008,41.989671,7.6,R
1103,Be Kind Rewind,Comedy,Michel Gondry,2008,8.505302,6.6,PG-13
1104,Reindeer Games,Action,John Frankenheimer,2000,-12.639221,5.5,R
1105,Rachel Getting Married,Drama,Jonathan Demme,2008,1.32628,6.9,R
1106,Riding in Cars with Boys,Drama,Penny Marshall,2001,-17.218547,6.2,PG-13
1107,Ride With the Devil,Western,Ang Lee,1999,-34.369221,6.4,R
1108,All the Real Girls,Drama,David Gordon Green,2003,-0.29698,7.1,R
1109,Romance and Cigarettes,Comedy,John Turturro,2007,-7.768749,6.2,R
1110,Rounders,Drama,John Dahl,1998,10.921898,7.3,R
1111,Rendition,Thriller/Suspense,Gavin Hood,2007,-7.062858,6.9,R
1112,The Rocker,Comedy,Peter Cattaneo,2008,-6.232662,6.3,PG-13
1113,Rock Star,Drama,Stephen Herek,2001,-18.682235,5.8,R
1114,Roll Bounce,Comedy,Malcolm D. Lee,2005,7.500866,5.0,PG-13
1115,Romeo Must Die,Action,Andrzej Bartkowiak,2000,66.03676,5.9,R
1116,Ronin,Action,John Frankenheimer,1998,-13.389116,7.2,R
1117,Requiem for a Dream,Drama,Darren Aronofsky,2000,2.890108,8.5,Open
1118,Rat Race,Comedy,Jerry Zucker,2001,38.607223,6.4,PG-13
1119,Rescue Dawn,Action,Werner Herzog,2007,-2.962114,7.5,PG-13
1120,Remember the Titans,Drama,Boaz Yakin,2000,106.706683,7.5,PG
1121,Righteous Kill,Thriller/Suspense,Jon Avnet,2008,16.78141,6.0,R
1122,Road Trip,Comedy,Todd Phillips,2000,103.73911,6.4,R
1123,Rules of Engagement,Thriller/Suspense,William Friedkin,2000,11.719931,6.2,R
1124,The Rundown,Action,Peter Berg,2003,-4.168107,6.6,PG-13
1125,Rush Hour 2,Action,Brett Ratner,2001,257.425832,6.4,PG-13
1126,Rush Hour 3,Action,Brett Ratner,2007,73.025968,6.0,PG-13
1127,Rush Hour,Action,Brett Ratner,1998,210.3,6.8,PG-13
1128,Rushmore,Black Comedy,Wes Anderson,1998,9.080435,7.8,R
1129,The Saint,Action,Phillip Noyce,1997,79.4,5.9,PG-13
1130,The Salton Sea,Thriller/Suspense,D.J. Caruso,2002,-17.323302,7.1,R
1131,Saving Silverman,Comedy,Dennis Dugan,2001,-2.648431,5.6,R
1132,Saw II,Horror,Darren Lynn Bousman,2005,147.925093,6.8,R
1133,Saw III,Horror,Darren Lynn Bousman,2006,153.876815,6.3,R
1134,Saw IV,Horror,Darren Lynn Bousman,2007,124.528909,6.0,R
1135,Saw VI,Horror,Kevin Greutert,2009,50.259697,6.2,R
1136,The Adventures of Sharkboy and Lavagirl in 3-D,Adventure,Robert Rodriguez,2005,19.425966,3.6,PG
1137,Seabiscuit,Drama,Gary Ross,2003,62.336445,7.4,PG-13
1138,A Scanner Darkly,Thriller/Suspense,Richard Linklater,2006,-12.594916,7.2,R
1139,Scary Movie 2,Comedy,Keenen Ivory Wayans,2001,96.189101,4.7,R
1140,Scary Movie 3,Comedy,David Zucker,2003,110.2,5.4,PG-13
1141,Scary Movie 4,Comedy,David Zucker,2006,138.71062,5.0,PG-13
1142,Scooby-Doo 2: Monsters Unleashed,Comedy,Raja Gosnell,2004,156.185387,4.8,PG
1143,Scooby-Doo,Comedy,Raja Gosnell,2002,192.294164,4.7,PG
1144,About Schmidt,Drama,Alexander Payne,2002,75.823486,7.3,R
1145,The School of Rock,Comedy,Richard Linklater,2003,111.161177,7.2,PG-13
1146,School for Scoundrels,Comedy,Todd Phillips,2006,-2.192431,6.0,PG-13
1147,Scoop,Romantic Comedy,Woody Allen,2006,35.125717,6.8,PG-13
1148,The Score,Thriller/Suspense,Frank Oz,2001,45.542091,6.8,R
1149,Scream,Horror,Wes Craven,1996,158.046663,2.9,R
1150,Scream 2,Horror,Wes Craven,1997,77.363301,5.9,R
1151,Scream 3,Horror,Wes Craven,2000,121.838076,5.3,R
1152,The Scorpion King,Action,Chuck Russell,2002,104.529,5.3,PG-13
1153,Stardust,Adventure,Matthew Vaughn,2007,65.556675,7.9,PG-13
1154,Seven Years in Tibet,Drama,Jean-Jacques Annaud,1997,61.445884,6.7,PG-13
1155,Swordfish,Action,Dominic Sena,2001,67.080413,6.3,R
1156,Something's Gotta Give,Romantic Comedy,Nancy Meyers,2003,186.685242,6.8,PG-13
1157,Shadow of the Vampire,Drama,E. Elias Merhige,2000,0.279017,6.8,R
1158,Shaft,Action,John Singleton,2000,54.17717,5.9,R
1159,The Shaggy Dog,Comedy,Brian Robbins,2006,27.123569,4.1,PG
1160,Scary Movie,Comedy,Keenen Ivory Wayans,2000,258.2,6.0,R
1161,Shaun of the Dead,Comedy,Edgar Wright,2004,24.629128,8.0,R
1162,She's the Man,Romantic Comedy,Andy Fickman,2006,31.889159,6.4,PG-13
1163,Shallow Hal,Romantic Comedy,Bobby Farrelly,2001,30.836296,6.0,PG-13
1164,Silent Hill,Horror,Christophe Gans,2006,49.982632,6.5,R
1165,Shutter Island,Thriller/Suspense,Martin Scorsese,2010,214.512934,8.0,R
1166,Shakespeare in Love,Romantic Comedy,John Madden,1998,253.5,7.4,R
1167,Sherlock Holmes,Adventure,Guy Ritchie,2009,438.249844,7.5,PG-13
1168,Shooter,Thriller/Suspense,Antoine Fuqua,2007,35.203582,7.2,R
1169,Shrek,Adventure,Andrew Adamson,2001,434.399218,8.0,PG
1170,Shrek 2,Adventure,Andrew Adamson,2004,849.838758,7.5,PG
1171,Shark Tale,Adventure,Rob Letterman,2004,292.275019,5.9,PG
1172,Showtime,Comedy,Tom Dey,2002,-6.051235,5.3,PG-13
1173,Sicko,Documentary,Michael Moore,2007,24.538513,8.2,PG-13
1174,Signs,Thriller/Suspense,M. Night Shyamalan,2002,337.563071,6.9,PG-13
1175,Simon Birch,Drama,Mark Steven Johnson,1998,-1.746585,6.7,PG
1176,A Simple Wish,Comedy,Michael Ritchie,1997,-19.834787,4.9,PG
1177,The Simpsons Movie,Comedy,David Silverman,2007,454.571022,7.6,PG-13
1178,Sinbad: Legend of the Seven Seas,Adventure,Tim Johnson,2003,20.767884,6.6,PG
1179,Sin City,Action,Robert Rodriguez,2005,118.75382,8.3,R
1180,The Sixth Sense,Thriller/Suspense,M. Night Shyamalan,1999,632.806292,8.2,PG-13
1181,Super Size Me,Documentary,Morgan Spurlock,2004,29.464368,7.6,PG-13
1182,The Skeleton Key,Horror,Iain Softley,2005,52.907715,6.5,PG-13
1183,The Skulls,Thriller/Suspense,Rob Cohen,2000,20.00718,5.3,PG-13
1184,Sleepy Hollow,Horror,Tim Burton,1999,137.06834,7.5,R
1185,Lucky Number Slevin,Thriller/Suspense,Paul McGuigan,2006,28.495466,7.8,R
1186,Hannibal,Horror,Ridley Scott,2001,263.10028,6.4,R
1187,Southland Tales,Musical,Richard Kelly,2007,-16.635393,5.6,R
1188,Slumdog Millionaire,Drama,Danny Boyle,2008,351.257315,8.3,R
1189,Slums of Beverly Hills,Comedy,Tamara Jenkins,1998,0.502773,6.4,R
1190,Small Soldiers,Comedy,Joe Dante,1998,31.743823,5.9,PG-13
1191,Mr. And Mrs. Smith,Action,Doug Liman,2005,368.336279,4.7,PG-13
1192,Smokin' Aces,Comedy,Joe Carnahan,2007,39.047261,6.6,R
1193,Someone Like You,Romantic Comedy,Tony Goldwyn,2001,15.684906,5.8,PG-13
1194,Death to Smoochy,Black Comedy,Danny De Vito,2002,-41.625938,6.2,R
1195,There's Something About Mary,Romantic Comedy,Bobby Farrelly,1998,338.099999,7.2,R
1196,Snake Eyes,Thriller/Suspense,Brian De Palma,1998,30.891409,5.8,R
1197,Snakes on a Plane,Thriller/Suspense,David R. Ellis,2006,29.020814,6.0,R
1198,Lemony Snicket's A Series of Unfortunate Events,Comedy,Brad Silberling,2004,101.627117,6.9,PG
1199,A Sound of Thunder,Action,Peter Hyams,2005,-73.699549,4.1,PG-13
1200,The Shipping News,Drama,Lasse Hallstrom,2001,-10.594175,6.7,R
1201,Shanghai Knights,Adventure,David Dobkin,2003,10.47022,6.2,PG-13
1202,Shanghai Noon,Western,Tom Dey,2000,16.189835,6.6,PG-13
1203,Snow Dogs,Comedy,Brian Levant,2002,83.010692,4.9,PG
1204,Sunshine,Thriller/Suspense,Danny Boyle,2007,-7.96939,7.3,R
1205,Snatch,Black Comedy,Guy Ritchie,2000,73.593107,8.2,R
1206,Solaris,Drama,Steven Soderbergh,2002,-32.029962,6.2,PG-13
1207,The Soloist,Drama,Joe Wright,2009,-21.713042,6.7,PG-13
1208,Space Jam,Comedy,Joe Pytka,1996,170.2,5.6,PG
1209,Spanglish,Comedy,James L. Brooks,2004,-20.655679,6.7,PG-13
1210,Superbad,Comedy,Greg Mottola,2007,152.363226,7.8,R
1211,Space Cowboys,Adventure,Clint Eastwood,2000,63.874043,6.3,PG-13
1212,Spider,Drama,David Cronenberg,2003,-8.358212,7.8,R
1213,Speed Racer,Action,Andy Wachowski,2008,-26.605538,6.3,PG
1214,The Spiderwick Chronicles,Adventure,Mark Waters,2008,70.339667,6.8,PG
1215,Speed II: Cruise Control,Action,Jan De Bont,1997,40.468,3.4,PG-13
1216,Sphere,Horror,Barry Levinson,1998,-22.831706,5.6,PG-13
1217,Spider-Man 2,Adventure,Sam Raimi,2004,583.705001,7.7,PG-13
1218,Spider-Man 3,Adventure,Sam Raimi,2007,632.871626,6.4,PG-13
1219,Spider-Man,Adventure,Sam Raimi,2002,682.708551,7.4,PG-13
1220,Scott Pilgrim vs. The World,Comedy,Edgar Wright,2010,-41.850857,8.1,PG-13
1221,Superman Returns,Adventure,Bryan Singer,2006,159.12,6.6,PG-13
1222,Supernova,Action,Francis Ford Coppola,2000,-45.781132,6.8,PG-13
1223,Spy Game,Action,Tony Scott,2001,53.04956,6.9,R
1224,Spy Kids 3-D: Game Over,Adventure,Robert Rodriguez,2003,127.851995,4.1,PG
1225,Spy Kids,Adventure,Robert Rodriguez,2001,162.692062,5.7,PG
1226,The Squid and the Whale,Drama,Noah Baumbach,2005,9.598131,7.6,R
1227,Serendipity,Romantic Comedy,Peter Chelsom,2001,47.294136,6.6,PG-13
1228,Spirit: Stallion of the Cimarron,Adventure,Kelly Asbury,2002,26.51531,6.6,G
1229,Starship Troopers,Action,Paul Verhoeven,1997,21.1,7.1,R
1230,Small Time Crooks,Comedy,Woody Allen,2000,11.934477,6.5,PG
1231,The Stepford Wives,Comedy,Frank Oz,2004,-3.778029,5.1,PG-13
1232,Stepmom,Drama,Chris Columbus,1998,69.709917,6.2,PG-13
1233,Stranger Than Fiction,Comedy,Marc Forster,2006,15.23519,7.8,PG-13
1234,Stigmata,Horror,Rupert Wainwright,1999,57.441732,6.0,R
1235,A Stir of Echoes,Thriller/Suspense,David Koepp,1999,9.133087,7.1,R
1236,Stuart Little,Comedy,Rob Minkoff,1999,193.8,5.8,PG
1237,Stuart Little 2,Comedy,Rob Minkoff,2002,46.0,5.6,PG
1238,Stealth,Action,Rob Cohen,2005,-61.583254,4.8,PG-13
1239,The Statement,Thriller/Suspense,Norman Jewison,2003,-25.454936,6.0,R
1240,Stop-Loss,Drama,Kimberly Peirce,2008,-13.820528,6.5,R
1241,The Perfect Storm,Drama,Wolfgang Petersen,2000,208.711434,6.2,PG-13
1242,The Story of Us,Romantic Comedy,Rob Reiner,1999,-22.89997,5.6,R
1243,State of Play,Thriller/Suspense,Kevin MacDonald,2009,31.445389,7.3,PG-13
1244,Step Up,Drama,Anne Fletcher,2006,103.328121,6.1,PG-13
1245,The Straight Story,Drama,David Lynch,1999,-3.802134,8.0,G
1246,Star Trek: First Contact,Adventure,Jonathan Frakes,1996,104.0,7.6,PG-13
1247,Star Trek: Insurrection,Adventure,Jonathan Frakes,1998,47.8,6.4,PG
1248,Super Troopers,Comedy,Jay Chandrasekhar,2002,20.046142,6.8,R
1249,Stuck On You,Comedy,Bobby Farrelly,2003,8.537164,5.9,PG-13
1250,The Sum of All Fears,Action,Phil Alden Robinson,2002,125.5,6.3,PG-13
1251,Sunshine State,Drama,John Sayles,2002,-2.535644,6.8,PG-13
1252,Surrogates,Action,Jonathan Mostow,2009,39.66835,6.3,PG-13
1253,Summer of Sam,Drama,Spike Lee,1999,-2.71187,6.5,R
1254,Saving Private Ryan,Drama,Steven Spielberg,1998,416.635085,8.5,R
1255,Sideways,Drama,Alexander Payne,2004,92.705641,7.8,R
1256,Shall We Dance?,Romantic Comedy,Peter Chelsom,2004,78.097882,7.6,PG-13
1257,Secret Window,Thriller/Suspense,David Koepp,2004,52.958031,6.5,PG-13
1258,Swept Away,Romantic Comedy,Guy Ritchie,2002,-9.401355,3.4,R
1259,The Sweetest Thing,Romantic Comedy,Roger Kumble,2002,1.633441,4.7,R
1260,"Six Days, Seven Nights",Romantic Comedy,Ivan Reitman,1998,84.8,4.7,PG-13
1261,Chinjeolhan geumjassi,Thriller/Suspense,Chan-wook Park,2006,18.971871,7.7,Not Rated
1262,Suspect Zero,Thriller/Suspense,E. Elias Merhige,2004,-18.287436,5.8,R
1263,Tadpole,Comedy,Gary Winick,2002,3.050241,6.1,PG-13
1264,Taken,Thriller/Suspense,Pierre Morel,2009,200.461461,4.8,PG-13
1265,Talladega Nights: The Ballad of Ricky Bobby,Comedy,Adam McKay,2006,90.013377,6.4,PG-13
1266,The Talented Mr. Ripley,Drama,Anthony Minghella,1999,41.292135,7.2,R
1267,Thunderbirds,Adventure,Jonathan Frakes,2004,-26.768556,4.0,PG
1268,The Best Man,Romantic Comedy,Malcolm D. Lee,1999,25.57278,6.1,R
1269,The Core,Action,Jon Amiel,2003,-10.867369,5.3,PG-13
1270,The Thomas Crown Affair,Drama,John McTiernan,1999,76.304264,6.7,R
1271,The Damned United,Drama,Tom Hooper,2009,-2.345796,7.5,R
1272,The Tale of Despereaux,Adventure,Sam Fell,2008,28.717945,6.1,G
1273,Team America: World Police,Comedy,Trey Parker,2004,30.274834,7.3,R
1274,Tea with Mussolini,Drama,Franco Zeffirelli,1999,0.395874,6.7,PG
1275,Tears of the Sun,Action,Antoine Fuqua,2003,10.632458,6.4,R
1276,Terminator 3: Rise of the Machines,Action,Jonathan Mostow,2003,263.058296,6.6,R
1277,Transformers,Action,Michael Bay,2007,557.272592,7.3,PG-13
1278,Transformers: Revenge of the Fallen,Action,Michael Bay,2009,626.303693,6.0,PG-13
1279,The Greatest Game Ever Played,Drama,Bill Paxton,2005,-9.574927,7.3,PG
1280,The Ghost Writer,Thriller/Suspense,Roman Polanski,2010,18.241549,7.6,PG-13
1281,The Beach,Drama,Danny Boyle,2000,-10.221401,4.5,R
1282,The Box,Thriller/Suspense,Richard Kelly,2009,1.341896,6.8,PG-13
1283,Bug,Drama,William Friedkin,2007,3.006708,6.0,R
1284,The Fog,Horror,Rupert Wainwright,2005,19.048526,3.3,PG-13
1285,The Thin Red Line,Drama,Terrence Malick,1998,-15.599509,7.5,R
1286,Thirteen Days,Drama,Roger Donaldson,2000,-13.445453,7.3,PG-13
1287,The Kid,Comedy,Jon Turteltaub,2000,4.688384,5.9,PG
1288,The Man,Comedy,Les Mayfield,2005,-9.606304,5.4,PG-13
1289,House on Haunted Hill,Horror,William Malone,1999,21.846082,5.2,R
1290,The One,Action,James Wong,2001,-5.094254,5.6,PG-13
1291,The 13th Warrior,Action,John McTiernan,1999,-63.301101,6.3,R
1292,Timeline,Adventure,Richard Donner,2003,-53.296816,5.3,PG-13
1293,Thirteen,Drama,Catherine Hardwicke,2003,4.302406,7.0,R
1294,Titan A.E.,Adventure,Don Bluth,2000,-38.248021,6.4,PG
1295,Titanic,Thriller/Suspense,James Cameron,1997,1642.879955,7.4,PG-13
1296,The League of Extraordinary Gentlemen,Adventure,Stephen Norrington,2003,101.265204,5.5,PG-13
1297,The Mist,Horror,Frank Darabont,2007,41.77749,7.4,R
1298,Tomorrow Never Dies,Action,Roger Spottiswoode,1997,229.504276,6.4,PG-13
1299,The Royal Tenenbaums,Black Comedy,Wes Anderson,2001,43.430876,7.6,R
1300,Lara Croft: Tomb Raider: The Cradle of Life,Adventure,Jan De Bont,2003,66.453758,5.2,PG-13
1301,Lara Croft: Tomb Raider,Adventure,Simon West,2001,180.644183,5.4,PG-13
1302,The Day After Tomorrow,Adventure,Roland Emmerich,2004,419.272402,6.3,PG-13
1303,Topsy Turvy,Musical,Mike Leigh,1999,-13.798243,7.1,R
1304,The Town,Drama,Ben Affleck,2010,-3.819393,8.7,R
1305,Toy Story 2,Adventure,John Lasseter,1999,394.966906,8.0,G
1306,The Taking of Pelham 123,Action,Tony Scott,2009,38.989667,6.5,R
1307,Traffic,Drama,Steven Soderbergh,2000,160.3,7.8,R
1308,Training Day,Drama,Antoine Fuqua,2001,59.505362,7.6,R
1309,The Ring,Horror,Gore Verbinski,2002,201.094024,5.5,PG-13
1310,Star Trek,Adventure,J.J. Abrams,2009,245.680447,8.2,PG-13
1311,The Terminal,Drama,Steven Spielberg,2004,143.673959,7.1,PG-13
1312,The Transporter 2,Action,Louis Leterrier,2005,53.095856,6.6,PG-13
1313,The Transporter,Action,Corey Yuen,2002,22.928932,6.6,PG-13
1314,Tropic Thunder,Comedy,Ben Stiller,2008,98.163455,7.2,R
1315,Troy,Action,Wolfgang Petersen,2004,347.398577,7.0,R
1316,xXx,Action,Rob Cohen,2002,197.2,5.5,PG-13
1317,The Truman Show,Drama,Peter Weir,1998,188.4,8.0,PG
1318,Where the Truth Lies,Drama,Atom Egoyan,2005,-23.584344,6.6,Not Rated
1319,Tarzan,Adventure,Kevin Lima,1999,303.191819,6.9,G
1320,Tsotsi,Drama,Gavin Hood,2006,6.879971,7.4,R
1321,Tuck Everlasting,Drama,Jay Russell,2002,4.344615,6.5,PG
1322,Two Girls and a Guy,Drama,James Toback,1998,1.315026,5.6,R
1323,Twisted,Thriller/Suspense,Philip Kaufman,2004,-9.880152,4.8,R
1324,Twilight,Drama,Catherine Hardwicke,2008,359.439854,6.1,PG-13
1325,Town & Country,Romantic Comedy,Peter Chelsom,2001,-94.635231,4.4,R
1326,Texas Rangers,Western,Steve Miner,2001,-37.376626,5.0,PG-13
1327,Thank You For Smoking,Black Comedy,Jason Reitman,2006,31.732211,7.8,R
1328,U2 3D,Concert/Performance,Catherine Owens,2008,7.66407,8.3,G
1329,U-571,Action,Jonathan Mostow,2000,65.63003,6.4,PG-13
1330,Undercover Brother,Comedy,Malcolm D. Lee,2002,13.230435,5.7,PG-13
1331,The Ugly Truth,Romantic Comedy,Robert Luketic,2009,165.115214,6.4,R
1332,Unbreakable,Thriller/Suspense,M. Night Shyamalan,2000,174.856037,7.3,PG-13
1333,The Unborn,Horror,David Goyer,2009,61.208315,4.5,PG-13
1334,Underworld,Action,Len Wiseman,2003,73.708457,6.7,R
1335,Undisputed,Drama,Walter Hill,2002,-7.601372,5.8,R
1336,Underworld: Evolution,Action,Len Wiseman,2006,66.318875,6.6,R
1337,An Unfinished Life,Drama,Lasse Hallstrom,2005,-11.464425,7.1,PG-13
1338,Unfaithful,Drama,Adrian Lyne,2002,69.114494,6.6,R
1339,Danny the Dog,Action,Louis Leterrier,2005,6.037621,7.1,R
1340,Up,Adventure,Pete Docter,2009,556.304609,8.4,PG
1341,The Upside of Anger,Drama,Mike Binder,2005,15.361993,7.0,R
1342,Valkyrie,Thriller/Suspense,Bryan Singer,2008,123.686497,7.3,PG-13
1343,Cirque du Freak: The Vampire's Assistant,Action,Paul Weitz,2009,-5.627531,6.1,PG-13
1344,The Legend of Bagger Vance,Drama,Robert Redford,2000,-20.764514,6.4,PG-13
1345,Raising Victor Vargas,Drama,Peter Sollett,2003,2.011439,7.1,R
1346,In the Valley of Elah,Drama,Paul Haggis,2007,1.48915,7.4,R
1347,Vanity Fair,Drama,Mira Nair,2004,-3.876149,6.2,PG-13
1348,V for Vendetta,Action,James McTeigue,2006,82.511035,8.2,R
1349,Van Helsing,Action,Stephen Sommers,2004,130.150546,5.5,PG-13
1350,The Village,Thriller/Suspense,M. Night Shyamalan,2004,188.514545,6.6,PG-13
1351,The Virgin Suicides,Black Comedy,Sofia Coppola,2000,-1.140525,7.2,R
1352,Vertical Limit,Action,Martin Campbell,2000,138.5,5.6,PG-13
1353,Vampires,Horror,John Carpenter,1998,0.268825,6.8,R
1354,Vanilla Sky,Thriller/Suspense,Cameron Crowe,2001,132.726605,6.9,R
1355,Volcano,Action,Mick Jackson,1997,30.1,5.2,PG-13
1356,Volver,Comedy,Pedro Almodovar,2006,76.199867,4.4,R
1357,The Flintstones in Viva Rock Vegas,Comedy,Brian Levant,2000,1.431365,3.3,PG
1358,Varsity Blues,Drama,Brian Robbins,1999,38.294169,6.0,R
1359,Valentine's Day,Romantic Comedy,Garry Marshall,2010,163.771698,5.7,PG-13
1360,Wag the Dog,Drama,Barry Levinson,1997,49.252038,7.0,R
1361,WALL-E,Comedy,Andrew Stanton,2008,352.743103,8.5,G
1362,The War of the Worlds,Action,Steven Spielberg,2005,459.745532,7.2,PG-13
1363,Watchmen,Action,Zack Snyder,2009,46.068357,7.8,R
1364,Waitress,Romantic Comedy,Adrienne Shelly,2007,20.70218,7.2,PG-13
1365,The Wendell Baker Story,Comedy,Luke Wilson,2007,-7.872812,5.5,PG-13
1366,Wonder Boys,Comedy,Curtis Hanson,2000,-1.577515,7.5,R
1367,White Chicks,Comedy,Keenen Ivory Wayans,2004,91.448997,5.0,PG-13
1368,The Wedding Planner,Romantic Comedy,Adam Shankman,2001,66.728529,4.8,PG-13
1369,Taking Woodstock,Drama,Ang Lee,2009,-18.93892,6.8,R
1370,We Own the Night,Drama,James Gray,2007,26.700285,7.0,R
1371,The World's Fastest Indian,Drama,Roger Donaldson,2005,-8.490294,7.9,PG-13
1372,What a Girl Wants,Comedy,Dennie Gordon,2003,10.990505,5.7,PG
1373,Whip It,Comedy,Drew Barrymore,2009,-1.956637,7.1,PG-13
1374,Welcome Home Roscoe Jenkins,Comedy,Malcolm D. Lee,2008,16.107627,4.5,PG-13
1375,When a Stranger Calls,Horror,Simon West,2006,51.966987,4.7,PG-13
1376,The White Countess,Drama,James Ivory,2005,-13.185434,6.5,PG-13
1377,Wicker Park,Thriller/Suspense,Paul McGuigan,2004,-16.59992,6.9,PG-13
1378,Where the Wild Things Are,Adventure,Spike Jonze,2009,-0.876344,7.2,PG
1379,Windtalkers,Action,John Woo,2002,-37.371735,5.8,R
1380,Because of Winn-Dixie,Comedy,Wayne Wang,2005,18.589427,6.1,PG
1381,What Just Happened,Comedy,Barry Levinson,2008,-24.587877,5.9,R
1382,What Lies Beneath,Thriller/Suspense,Robert Zemeckis,2000,198.693989,6.5,PG-13
1383,Walk the Line,Drama,James Mangold,2005,155.319402,7.9,PG-13
1384,A Walk to Remember,Drama,Adam Shankman,2002,35.060915,7.1,PG
1385,Wild Wild West,Adventure,Barry Sonnenfeld,1999,47.105681,4.3,PG-13
1386,Wanted,Action,Timur Bekmambetov,2008,265.934768,6.4,R
1387,The Wolf Man,Horror,Joe Johnston,2010,-7.577748,7.4,R
1388,X-Men Origins: Wolverine,Action,Gavin Hood,2009,224.82576,6.7,PG-13
1389,What Planet Are You From?,Comedy,Mike Nichols,2000,-43.708398,5.4,R
1390,The Wrestler,Drama,Darren Aronofsky,2008,37.236603,8.2,R
1391,Walking Tall,Action,Kevin Bray,2004,-8.686176,6.0,PG-13
1392,World Trade Center,Drama,Oliver Stone,2006,98.278893,6.2,PG-13
1393,The Weather Man,Drama,Gore Verbinski,2005,-4.533039,6.9,R
1394,Whiteout,Thriller/Suspense,Dominic Sena,2009,-22.745254,5.3,R
1395,The Waterboy,Comedy,Frank Coraci,1998,167.191646,5.7,PG-13
1396,What Women Want,Romantic Comedy,Nancy Meyers,2000,307.1,6.3,PG-13
1397,Extraordinary Measures,Drama,Tom Vaughan,2010,-18.302259,6.4,PG
1398,X-Men,Action,Bryan Singer,2000,259.62782,7.4,PG-13
1399,X2,Action,Bryan Singer,2003,282.711549,7.8,PG-13
1400,X-Men: The Last Stand,Action,Brett Ratner,2006,309.359555,6.9,PG-13
1401,XXX: State of the Union,Action,Lee Tamahori,2005,11.073932,4.1,PG-13
1402,The Yards,Drama,James Gray,2000,-17.71729,6.3,R
1403,Year One,Comedy,Harold Ramis,2009,-2.395277,5.0,PG-13
1404,Yes Man,Comedy,Peyton Reed,2008,175.990976,7.0,PG-13
1405,You Kill Me,Black Comedy,John Dahl,2007,-1.573149,6.7,R
1406,"Yours, Mine and Ours",Comedy,Raja Gosnell,2005,27.359917,7.6,PG
1407,You've Got Mail,Drama,Nora Ephron,1998,185.8,6.2,PG
1408,Zoolander,Comedy,Ben Stiller,2001,32.780981,6.4,PG-13
1409,Zombieland,Comedy,Ruben Fleischer,2009,75.090286,7.8,R
1410,Zack and Miri Make a Porno,Comedy,Kevin Smith,2008,12.851125,7.0,R
1411,Zoom,Adventure,Peter Hewitt,2006,-22.493812,3.4,PG
1412,The Legend of Zorro,Adventure,Martin Campbell,2005,61.475336,5.7,PG
1413,The Mask of Zorro,Adventure,Martin Campbell,1998,168.7,6.7,PG-13
